episode,global_step,episode_reward,episode_length,success,initial_distance,final_distance,moving_reward_20,success_rate_20,alpha,critic_loss,actor_loss,object_x,object_y,object_z
1,120,-52.86667799662799,120,0,0.4809611141681671,0.41775286197662354,-52.86667799662799,0.0,0.20000000298023224,0.0,0.0,0.557186484336853,0.020468782633543015,0.029892245307564735
2,240,-49.74636375136675,120,0,0.4613981246948242,0.3955563008785248,-51.30652087399737,0.0,0.20000000298023224,0.0,0.0,0.4790964722633362,0.12229733914136887,0.029892245307564735
3,360,-61.840359731093066,120,0,0.4971655607223511,0.5198788046836853,-54.81780049302927,0.0,0.20000000298023224,0.0,0.0,0.5304027199745178,-0.1701541543006897,0.029892245307564735
4,480,-55.36863604843615,120,0,0.4676212966442108,0.43347206711769104,-54.95550938188099,0.0,0.20000000298023224,0.0,0.0,0.5186569094657898,0.07455334812402725,0.029892245307564735
5,600,-56.344311420395954,120,0,0.4841366112232208,0.43042314052581787,-55.233269789583986,0.0,0.20000000298023224,0.0,0.0,0.48467496037483215,-0.1857571303844452,0.029892245307564735
6,720,-58.017020258568245,120,0,0.5154548287391663,0.472472608089447,-55.697228201081366,0.0,0.20000000298023224,0.0,0.0,0.5766754150390625,-0.15702961385250092,0.029892245307564735
7,840,-59.08217933652926,120,0,0.5051896572113037,0.4878743588924408,-56.18079264900249,0.0,0.20000000298023224,0.0,0.0,0.5870280265808105,-0.09214510768651962,0.029892245307564735
8,960,-49.05478304669262,120,0,0.4562983512878418,0.38803234696388245,-55.29004144871375,0.0,0.20000000298023224,0.0,0.0,0.4859920144081116,-0.08863367140293121,0.029892245307564735
9,1080,-52.9322371391952,120,0,0.46738672256469727,0.3939744532108307,-55.028063192100575,0.0,0.19519466161727905,0.008448665961623192,-0.15026965737342834,0.4938119947910309,-0.12344154715538025,0.029892245307564735
10,1200,-49.82816334620118,120,0,0.46318379044532776,0.33813464641571045,-54.50807320751064,0.0,0.18828687071800232,0.005555466283112764,-0.07801707088947296,0.46514981985092163,0.1456466168165207,0.029892245307564735
11,1320,-58.091841430403306,120,0,0.4891257882118225,0.458370178937912,-54.8338703186827,0.0,0.18163064122200012,0.003856090595945716,-0.015456756576895714,0.5693787932395935,0.04572245851159096,0.029892245307564735
12,1440,-58.9785638390854,120,0,0.5221235156059265,0.45532506704330444,-55.17926144538293,0.0,0.17520977556705475,0.0032995278015732765,0.06081978976726532,0.5706652998924255,0.18650145828723907,0.029892245307564735
13,1560,-48.434210365936146,120,0,0.4707813858985901,0.37884974479675293,-54.660411362348555,0.0,0.169020876288414,0.0062557789497077465,0.12111314386129379,0.5214298367500305,0.08568678051233292,0.029892245307564735
14,1680,-43.14667289767414,120,0,0.436777263879776,0.28165939450263977,-53.838001472014675,0.0,0.16305139660835266,0.0028654001653194427,0.1950196772813797,0.4407949149608612,-0.06750867515802383,0.029892245307564735
15,1800,-47.29432520095261,120,0,0.4663015902042389,0.33877328038215637,-53.401756387277196,0.0,0.1572982519865036,0.002718075178563595,0.2624066174030304,0.527042031288147,0.026573726907372475,0.029892245307564735
16,1920,-50.92965295463802,120,0,0.5283668637275696,0.3498745560646057,-53.247249922737254,0.0,0.15174977481365204,0.003583987709134817,0.3347531259059906,0.5861849188804626,0.18143074214458466,0.029892245307564735
17,2040,-45.579055699352175,120,0,0.5123791694641113,0.2628684639930725,-52.796179674302834,0.0,0.14640283584594727,0.0017903486732393503,0.3918711543083191,0.5755592584609985,-0.1486530601978302,0.029892245307564735
18,2160,-45.15867234973237,120,0,0.48926588892936707,0.26752063632011414,-52.371873711826694,0.0,0.1412472128868103,0.0025228990707546473,0.5156574845314026,0.5520650148391724,0.10494145005941391,0.029892245307564735
19,2280,-42.85426900513471,120,0,0.46741732954978943,0.2983233630657196,-51.87094714831659,0.0,0.13628104329109192,0.0021531004458665848,0.6038615703582764,0.5304579734802246,-0.015267923474311829,0.029892245307564735
20,2400,-46.22571667466313,120,0,0.4932084381580353,0.2901737093925476,-51.588685624633925,0.0,0.13149183988571167,0.002467169426381588,0.630520761013031,0.5488855242729187,0.12819629907608032,0.029892245307564735
21,2520,-45.33283902309836,120,0,0.5025359392166138,0.30356863141059875,-51.21199367595743,0.0,0.1268790364265442,0.0019942931830883026,0.7900482416152954,0.5717533230781555,-0.11890031397342682,0.029892245307564735
22,2640,-36.17466553255916,120,0,0.45914706587791443,0.19012987613677979,-50.53340876501706,0.0,0.12243442982435226,0.0019719544798135757,0.8040393590927124,0.4455726146697998,-0.15591087937355042,0.029894990846514702
23,2760,-36.5744047241006,120,0,0.44135791063308716,0.24410633742809296,-49.270111014667435,0.0,0.11815261095762253,0.0029853719752281904,0.9331873059272766,0.41516101360321045,0.1215776577591896,0.029892245307564735
24,2880,-35.315291053578264,120,0,0.4917551875114441,0.15695449709892273,-48.26744376492454,0.0,0.11402306705713272,0.00227155489847064,0.9999808073043823,0.5767183899879456,0.027651099488139153,0.029892245307564735
25,3000,-37.343316520378,120,0,0.48170235753059387,0.15627682209014893,-47.31739401992365,0.0,0.11004164814949036,0.0019474946893751621,1.060713291168213,0.5460204482078552,0.08120723068714142,0.029892245307564735
26,3120,-41.066330422572804,120,0,0.5048929452896118,0.24338799715042114,-46.46985952812388,0.0,0.10620929300785065,0.0019572486635297537,1.1129339933395386,0.5730094909667969,-0.12587757408618927,0.029892245307564735
27,3240,-46.04333914212883,120,0,0.5111604332923889,0.26704615354537964,-45.81791751840385,0.0,0.10251736640930176,0.002211067359894514,1.2929205894470215,0.5381823778152466,0.19881555438041687,0.029892245307564735
28,3360,-33.746396948732446,120,0,0.49764493107795715,0.20304438471794128,-45.05249821350585,0.0,0.09896526485681534,0.0018458086997270584,1.3255248069763184,0.5850337743759155,0.04513836279511452,0.029892245307564735
29,3480,-36.667616624012595,120,0,0.5099744200706482,0.16350732743740082,-44.23926718774671,0.0,0.09555095434188843,0.0018140609608963132,1.4027692079544067,0.5441204905509949,0.18850980699062347,0.029892245307564735
30,3600,-30.57493320629001,120,0,0.46253082156181335,0.12113820761442184,-43.27660568075115,0.0,0.09225352853536606,0.0017243118491023779,1.4616107940673828,0.45001858472824097,0.1586345136165619,0.029892245307564735
31,3720,-29.033986498005692,120,0,0.4739634394645691,0.20076113939285278,-41.82371293413127,0.0,0.0890839621424675,0.0022595981135964394,1.4345242977142334,0.49577006697654724,-0.14385224878787994,0.029892245307564735
32,3840,-28.415742680132375,120,0,0.45023906230926514,0.12885279953479767,-40.295571876183615,0.0,0.08604259043931961,0.0021179742179811,1.578328251838684,0.48629307746887207,-0.04748787358403206,0.029892245307564735
33,3960,-24.60897325199098,120,0,0.4643431603908539,0.08127149194478989,-39.10431002048636,0.0,0.08310341089963913,0.0020049058366566896,1.6666638851165771,0.45970118045806885,-0.15489476919174194,0.029897650703787804
34,4080,-36.45172438919543,120,0,0.5212813019752502,0.2205115258693695,-38.769562595062425,0.0,0.08027847111225128,0.001529954606667161,1.6566959619522095,0.566889762878418,0.189421609044075,0.029892245307564735
35,4200,-26.74234839998184,120,0,0.46734780073165894,0.11964605748653412,-37.741963755013884,0.0,0.07756311446428299,0.0017811295110732317,1.7482043504714966,0.5274941325187683,0.03852052614092827,0.029892245307564735
36,4320,-21.60755275664852,120,0,0.4433254599571228,0.04921611025929451,-36.27585874511441,0.0,0.07494880259037018,0.0021471218205988407,1.924255132675171,0.4749511778354645,0.0039146896451711655,0.029892245307564735
37,4409,-12.58290694199503,89,1,0.4469205439090729,0.036836881190538406,-34.626051307246556,0.05,0.0730815902352333,0.0029205759055912495,1.8944883346557617,0.47303664684295654,-0.06209022179245949,0.029892245307564735
38,4517,-13.036281224414704,108,1,0.44690829515457153,0.03531579300761223,-33.01993175098067,0.1,0.07087831199169159,0.002461582887917757,1.9579358100891113,0.47828373312950134,-0.04554639011621475,0.029892245307564735
39,4637,-23.345756200887273,120,0,0.4634673595428467,0.12305229902267456,-32.044506110768296,0.1,0.06853892654180527,0.0031487944070249796,1.890622615814209,0.4660530984401703,0.14556516706943512,0.029892245307564735
40,4757,-20.689444010481246,120,0,0.460873544216156,0.1355264037847519,-30.767692477559205,0.1,0.0662701204419136,0.00290133198723197,1.8823418617248535,0.484945148229599,0.11147098243236542,0.029892245307564735
41,4877,-23.499562011994428,120,0,0.4909745156764984,0.08039812743663788,-29.67602862700401,0.1,0.06410461664199829,0.07824496924877167,2.070668935775757,0.5723128318786621,0.048521410673856735,0.029892245307564735
42,4997,-23.686470099035645,120,0,0.4659595489501953,0.16650669276714325,-29.05161885532783,0.1,0.06201847270131111,0.0058621750213205814,2.0415561199188232,0.5179863572120667,0.06549952179193497,0.029892245307564735
43,5117,-24.066149486526847,120,0,0.4542291462421417,0.2049867957830429,-28.426206093449146,0.1,0.060028258711099625,0.004828557372093201,2.135904312133789,0.47191107273101807,-0.10398939251899719,0.029892245307564735
44,5237,-25.604048007801172,120,0,0.47844555974006653,0.20240961015224457,-27.940643941160296,0.1,0.05811189487576485,0.004307227209210396,2.0642189979553223,0.552656352519989,-0.015862440690398216,0.029892245307564735
45,5357,-22.26211676527745,120,0,0.4986041188240051,0.11586255580186844,-27.18658395340527,0.1,0.056257229298353195,0.004437330644577742,2.1661481857299805,0.5806243419647217,0.0736570954322815,0.029892245307564735
46,5477,-22.098165676957006,120,0,0.4720100462436676,0.16382154822349548,-26.238175716124477,0.1,0.05447980388998985,0.004410328343510628,2.159607410430908,0.4483994245529175,-0.18790815770626068,0.02989465557038784
47,5597,-16.32966525360942,120,0,0.45860156416893005,0.1010880172252655,-24.752492021698504,0.1,0.05276617035269737,0.0032853647135198116,2.2822813987731934,0.5097992420196533,0.029575012624263763,0.029892245307564735
48,5717,-17.97960805363953,120,0,0.4932626187801361,0.060054369270801544,-23.964152576943864,0.1,0.05111004412174225,0.0046213967725634575,2.1854052543640137,0.5591071248054504,0.10695210099220276,0.029892245307564735
49,5837,-16.883993521705268,120,0,0.5045030117034912,0.06156647950410843,-22.974971421828492,0.1,0.049520235508680344,0.003083638148382306,2.364561080932617,0.5939410924911499,-0.062275081872940063,0.029892245307564735
50,5957,-18.814893912747497,120,0,0.43668705224990845,0.1091986671090126,-22.38696945715137,0.1,0.047992683947086334,0.005263304337859154,2.236457347869873,0.4178389608860016,0.10046649724245071,0.029892245307564735
51,6024,-8.076888123005629,67,1,0.5105864405632019,0.0357082262635231,-21.33911453840137,0.15,0.047155581414699554,0.0029308246448636055,2.3476157188415527,0.5785215497016907,-0.1366165727376938,0.029892245307564735
52,6096,-8.188841388523578,72,1,0.4982437491416931,0.03916209936141968,-20.32776947382093,0.2,0.04628203809261322,0.08015163242816925,2.3744163513183594,0.5509070158004761,-0.14298465847969055,0.029892245307564735
53,6216,-19.92561540633441,120,0,0.5013430714607239,0.11985314637422562,-20.0936015815381,0.2,0.04486723616719246,0.004830656573176384,2.296290397644043,0.572019636631012,-0.1131313145160675,0.029892245307564735
54,6336,-21.783286342709314,120,0,0.4386540949344635,0.15984612703323364,-19.36017967921379,0.2,0.04350143298506737,0.004535609856247902,2.4504761695861816,0.4622417390346527,-0.0015458640409633517,0.029892245307564735
55,6385,-4.9124475158751,49,1,0.4650475084781647,0.0397319421172142,-18.26868463500845,0.25,0.04296514391899109,0.00712896604090929,2.125631093978882,0.5259804725646973,0.002046296140179038,0.029892245307564735
56,6445,-5.724720543175937,60,1,0.4626477360725403,0.03816964477300644,-17.47454302433482,0.3,0.04230900853872299,0.003146509174257517,2.3791520595550537,0.4615981876850128,-0.1477404683828354,0.029892245307564735
57,6565,-17.747254314348094,120,0,0.441265344619751,0.12292610853910446,-17.732760392952475,0.25,0.04103947430849075,0.08352094888687134,2.253653049468994,0.46147656440734863,-0.050368908792734146,0.029892245307564735
58,6620,-4.506496492624285,55,1,0.44177260994911194,0.03633744269609451,-17.306271156362953,0.25,0.04046902433037758,0.009725615382194519,2.3752429485321045,0.4348415732383728,-0.10062653571367264,0.02989388071000576
59,6740,-17.459087546318766,120,0,0.4643249213695526,0.13922476768493652,-17.011937723634528,0.25,0.039271365851163864,0.005267307162284851,2.3411927223205566,0.4909760057926178,-0.1159161627292633,0.029892245307564735
60,6800,-5.5779131613043145,60,1,0.4886166453361511,0.035471562296152115,-16.256361181175684,0.3,0.03868255764245987,0.06163859739899635,2.475663661956787,0.5492720007896423,-0.10834603011608124,0.029892245307564735
61,6920,-15.2211766320467,120,0,0.46305879950523376,0.04217659309506416,-15.842441912178298,0.3,0.03753660246729851,0.009651191532611847,2.248469352722168,0.4865160882472992,0.11782752722501755,0.029892245307564735
62,7040,-16.88521454453468,120,0,0.509087324142456,0.04329817742109299,-15.50237913445325,0.3,0.036424703896045685,0.006250742822885513,2.0854837894439697,0.5347338318824768,0.19747145473957062,0.029892245307564735
63,7095,-6.288382111601531,55,1,0.5062022805213928,0.03729108348488808,-14.613490765706985,0.35,0.035934075713157654,0.06014137715101242,2.477663516998291,0.5982987880706787,0.05546220764517784,0.029892245307564735
64,7215,-17.803350637694823,120,0,0.4321349859237671,0.12672391533851624,-14.223455897201669,0.35,0.034878455102443695,0.03323689103126526,2.3361802101135254,0.4026685357093811,-0.09507531672716141,0.02989591658115387
65,7271,-4.7835329654812755,56,1,0.48252013325691223,0.037621572613716125,-13.34952670721186,0.4,0.03440063074231148,0.00880825612694025,2.2593541145324707,0.5590309500694275,-0.031540509313344955,0.029892245307564735
66,7391,-16.65692895118147,120,0,0.43538448214530945,0.1391751617193222,-13.07746487092308,0.4,0.03340007737278938,0.005750870332121849,2.364032745361328,0.4440898895263672,0.04950011894106865,0.029892245307564735
67,7437,-4.142649261206392,46,1,0.48364412784576416,0.037109967321157455,-12.46811407130293,0.45,0.033026713877916336,0.004153980873525143,2.366553783416748,0.551531195640564,-0.07618789374828339,0.029892245307564735
68,7557,-19.141566808819764,120,0,0.4860464632511139,0.0750964879989624,-12.526212009061942,0.45,0.032081399112939835,0.004963214509189129,2.306697368621826,0.47689521312713623,0.19764189422130585,0.029892245307564735
69,7677,-17.92648842252791,120,0,0.4338238537311554,0.15605078637599945,-12.578336754103074,0.45,0.031160425394773483,0.06583190709352493,2.394645929336548,0.4475533962249756,0.011500129476189613,0.029892245307564735
70,7726,-4.39613584935665,49,1,0.5078318119049072,0.037710823118686676,-11.857398850933532,0.5,0.03079921379685402,0.007088135462254286,2.181917667388916,0.5635998845100403,-0.1540733128786087,0.029892245307564735
71,7778,-5.167475822567941,52,1,0.5311532020568848,0.039738453924655914,-11.711928235911648,0.5,0.030415479093790054,0.00762441661208868,2.572709321975708,0.579431414604187,-0.19898347556591034,0.029892245307564735
72,7898,-15.820264145061376,120,0,0.46365633606910706,0.05561768263578415,-12.093499373738537,0.45,0.029550373554229736,0.006608721800148487,2.278931140899658,0.4395483732223511,0.17056432366371155,0.029892245307564735
73,7946,-3.874896219670771,48,1,0.49620482325553894,0.03936741501092911,-11.290963414405354,0.5,0.029213538393378258,0.05204380676150322,2.4951813220977783,0.5421881675720215,-0.15031245350837708,0.029892245307564735
74,8013,-6.02747834354639,67,1,0.5035303831100464,0.037846341729164124,-10.50317301444721,0.55,0.02874535135924816,0.008038721978664398,2.225257396697998,0.545930027961731,0.16776032745838165,0.029892245307564735
75,8133,-14.810097794532767,120,0,0.4310603737831116,0.1031256914138794,-10.998055528380092,0.5,0.027933642268180847,0.05077909305691719,2.067659378051758,0.43909546732902527,-0.0069188703782856464,0.029892245307564735
76,8177,-3.1125746579468263,44,1,0.46886444091796875,0.039036545902490616,-10.867448234118637,0.5,0.02764870971441269,0.006883576977998018,2.3307409286499023,0.5338990092277527,-0.006201001349836588,0.029892245307564735
77,8297,-17.33171851588413,120,0,0.4449373185634613,0.14932627975940704,-10.846671444195437,0.5,0.026891043409705162,0.04621204361319542,1.9897958040237427,0.4554975628852844,-0.08719167113304138,0.029892245307564735
78,8339,-2.817995063662532,42,1,0.4582224190235138,0.03541259095072746,-10.762246372747349,0.5,0.026629826053977013,0.009343408048152924,2.2702231407165527,0.509120523929596,0.028317084535956383,0.029892245307564735
79,8381,-3.006496155411007,42,1,0.48482179641723633,0.03542298078536987,-10.039616803201962,0.55,0.02637181431055069,0.008518804796040058,2.307450771331787,0.556115984916687,-0.06842533499002457,0.029892245307564735
80,8425,-3.748802735209466,44,1,0.5222457051277161,0.039052531123161316,-9.94816128189722,0.55,0.026111118495464325,0.008893368765711784,2.296212673187256,0.5666223168373108,-0.1924211084842682,0.029892245307564735
81,8545,-19.796429534330958,120,0,0.45454877614974976,0.21715423464775085,-10.176923927011433,0.55,0.02541346848011017,0.011264361441135406,2.3522329330444336,0.43874937295913696,-0.1495128571987152,0.02989225648343563
82,8587,-4.052717449516059,42,1,0.5225034356117249,0.03703111410140991,-9.535299072260504,0.6,0.025177383795380592,0.008629713207483292,2.0806667804718018,0.5974861979484558,0.14254073798656464,0.029892245307564735
83,8707,-19.311703747361893,120,0,0.4499819576740265,0.15381713211536407,-10.18646515404852,0.55,0.02451573684811592,0.010892864316701889,2.1123580932617188,0.44047585129737854,0.12787523865699768,0.029892245307564735
84,8750,-3.21112525303848,43,1,0.49246811866760254,0.038405515253543854,-9.456853884815704,0.6,0.024274997413158417,0.008474081754684448,2.3111062049865723,0.5732990503311157,-0.05743676796555519,0.029892245307564735
85,8794,-4.452101451903578,44,1,0.5184969305992126,0.03986327722668648,-9.440282309136817,0.6,0.024032551795244217,0.007752843201160431,2.111179828643799,0.5960057377815247,0.13040299713611603,0.029892245307564735
86,8914,-14.234024433773019,120,0,0.48152613639831543,0.07958697527647018,-9.319137083266396,0.6,0.023391233757138252,0.013149410486221313,2.103729486465454,0.49849820137023926,-0.16395805776119232,0.029892245307564735
87,9034,-25.51181272149087,120,0,0.5105262398719788,0.18733054399490356,-10.387595256280619,0.55,0.022777367383241653,0.00790266040712595,2.2166588306427,0.5532742738723755,0.1779734492301941,0.029892245307564735
88,9154,-23.44021756492554,120,0,0.47110408544540405,0.160275399684906,-10.60252779408591,0.55,0.022187497466802597,0.03690270334482193,2.3445072174072266,0.5155107975006104,0.10074392706155777,0.029892245307564735
89,9197,-2.7325732187926777,43,1,0.4292192757129669,0.038745149970054626,-9.842832033899146,0.6,0.02198559045791626,0.00784812681376934,2.2411656379699707,0.4190460741519928,0.05794940143823624,0.029892245307564735
90,9317,-20.45177897907794,120,0,0.4849577248096466,0.16790401935577393,-10.645614190385212,0.55,0.02143944427371025,0.00983620434999466,2.2273061275482178,0.5401381254196167,0.11188652366399765,0.029892245307564735
91,9355,-2.052448679506777,38,1,0.45422011613845825,0.03758766129612923,-10.489862833232152,0.55,0.021267125383019447,0.05415550246834755,2.1126835346221924,0.4829142093658447,-0.08399912714958191,0.029892245307564735
92,9475,-23.213104805648342,120,0,0.4572572708129883,0.18563885986804962,-10.859504866261503,0.55,0.020735325291752815,0.024410048499703407,2.152937650680542,0.42400112748146057,0.16455517709255219,0.029892245307564735
93,9518,-3.1767081241309647,43,1,0.49908000230789185,0.03753266856074333,-10.82459546148451,0.55,0.020549701526761055,0.01910252869129181,2.1006031036376953,0.5288617610931396,-0.17761129140853882,0.029892245307564735
94,9559,-2.3695371739566307,41,1,0.44962817430496216,0.039083898067474365,-10.641698403005021,0.55,0.020373880863189697,0.011884728446602821,2.4041900634765625,0.45811066031455994,0.1049564778804779,0.029892245307564735
95,9603,-4.158216347396375,44,1,0.5191470384597778,0.03643275797367096,-10.109104330648204,0.6,0.02018982544541359,0.010105466470122337,1.8767774105072021,0.5556656122207642,0.1984129101037979,0.029892245307564735
96,9645,-3.3829066251218336,42,1,0.5091029405593872,0.034449901431798935,-10.122620929006953,0.6,0.020019859075546265,0.012902852147817612,2.3707807064056396,0.5720697045326233,-0.14357276260852814,0.029892245307564735
97,9690,-2.5148277823627003,45,1,0.4448990523815155,0.037019986659288406,-9.381776392330881,0.65,0.01983352191746235,0.012095160782337189,2.0489635467529297,0.4568934738636017,0.08456866443157196,0.029892245307564735
98,9810,-18.464690906032928,120,0,0.4592970907688141,0.1479761302471161,-10.164111184449402,0.6,0.019348012283444405,0.021733414381742477,2.6163010597229004,0.4053861200809479,0.181539848446846,0.029892245307564735
99,9851,-2.9680109184980408,41,1,0.4745471775531769,0.03859320655465126,-10.162186922603754,0.6,0.019185876473784447,0.11046317219734192,2.0590598583221436,0.5008312463760376,0.1389637589454651,0.029892245307564735
100,9890,-1.9149601978063595,39,1,0.42510247230529785,0.03811268508434296,-10.070494795733596,0.6,0.019033053889870644,0.00807292852550745,2.2828361988067627,0.4163491129875183,-0.020929357036948204,0.029892245307564735
101,10010,-13.533472782857721,120,0,0.47160086035728455,0.0787351056933403,-9.757346958159935,0.6,0.018582509830594063,0.03035186603665352,2.1756341457366943,0.4728381335735321,-0.16306579113006592,0.029892245307564735
102,10130,-16.436709298193446,120,0,0.46999016404151917,0.08312714099884033,-10.376546550593805,0.55,0.018162596970796585,0.013400427997112274,2.0420613288879395,0.4266403019428253,-0.19818808138370514,0.029893262311816216
103,10176,-3.7821366378664996,46,1,0.5017222166061401,0.03840012103319168,-9.600068195119036,0.6,0.017986392602324486,0.011202162131667137,2.16666316986084,0.594721257686615,-0.025135638192296028,0.029892245307564735
104,10221,-3.085364692509173,45,1,0.45773476362228394,0.037307921797037125,-9.593780167092572,0.6,0.01782912015914917,0.011495241895318031,2.056089162826538,0.4396553337574005,0.15364815294742584,0.029892245307564735
105,10341,-14.232623625360436,120,0,0.514694094657898,0.061357323080301285,-10.082806275765414,0.55,0.01741640642285347,0.008306588046252728,1.9798612594604492,0.5772833824157715,0.15344813466072083,0.029892245307564735
106,10461,-15.683981411084533,120,0,0.47489121556282043,0.0988399088382721,-10.155304124630991,0.55,0.017008300870656967,0.04463568329811096,1.4377142190933228,0.43394917249679565,-0.20413853228092194,0.029894156381487846
107,10501,-2.9155037002265427,40,1,0.4967692494392395,0.03509295731782913,-9.025488673567773,0.6,0.016880393028259277,0.012951774522662163,2.0459957122802734,0.5174145102500916,0.18491220474243164,0.029892245307564735
108,10543,-3.0809763447940313,42,1,0.5062640309333801,0.03656048700213432,-8.007526612561199,0.65,0.016738807782530785,0.007698959670960903,2.151337146759033,0.586699903011322,-0.09879811108112335,0.029892245307564735
109,10581,-1.7355015330016608,38,1,0.4292297959327698,0.0393124483525753,-7.957673028271648,0.65,0.016611825674772263,0.08080162107944489,2.40567684173584,0.4230245053768158,-0.04959791526198387,0.029892245307564735
110,10693,-8.73128439450636,112,1,0.5080244541168213,0.03879933059215546,-7.371648299043069,0.7,0.016252480447292328,0.016055814921855927,1.8132905960083008,0.5325208306312561,0.19727371633052826,0.029892245307564735
111,10813,-13.55727277636528,120,0,0.47727179527282715,0.08257343620061874,-7.946889503885993,0.65,0.015890352427959442,0.11430133879184723,2.0280637741088867,0.45959874987602234,0.1902283877134323,0.029892245307564735
112,10851,-2.10888301730156,38,1,0.4713734984397888,0.035296082496643066,-6.891678414468653,0.7,0.015770452097058296,0.22404149174690247,1.3649959564208984,0.49153053760528564,0.14081041514873505,0.029892245307564735
113,10889,-2.476978092640639,38,1,0.4913908839225769,0.03794429823756218,-6.8566919128941395,0.7,0.015651442110538483,0.02266388200223446,1.5623196363449097,0.5403010249137878,0.13683435320854187,0.029892245307564735
114,10927,-1.8393165092170243,38,1,0.43460115790367126,0.0395030714571476,-6.830180879657158,0.7,0.015534522011876106,0.009284453466534615,2.072056770324707,0.4439919888973236,0.042374465614557266,0.029892245307564735
115,10965,-1.9854795737564563,38,1,0.44145962595939636,0.03868408501148224,-6.721544040975163,0.7,0.015421475283801556,0.015674280002713203,1.6356834173202515,0.4253864288330078,0.11204809695482254,0.029892245307564735
116,11085,-14.253426955565802,120,0,0.46226733922958374,0.07139215618371964,-7.2650700574973595,0.65,0.01507917232811451,0.05667048320174217,1.871673583984375,0.4441368877887726,-0.1661679893732071,0.029891453683376312
117,11124,-1.8164117075502846,39,1,0.4363417625427246,0.03785943239927292,-7.230149253756738,0.65,0.01496948953717947,0.014440052211284637,1.470278024673462,0.43860310316085815,-0.06898392736911774,0.029892245307564735
118,11162,-1.7756933742761616,38,1,0.44009992480278015,0.03705385699868202,-6.395699377168901,0.7,0.014865649864077568,0.01276182010769844,1.5854313373565674,0.4191771149635315,0.11308179795742035,0.029892245307564735
119,11211,-3.2672301093861478,49,1,0.49221497774124146,0.03939881920814514,-6.410660336713306,0.7,0.014729926362633705,0.05315287038683891,1.6405584812164307,0.5184929370880127,-0.17097800970077515,0.029892245307564735
120,11268,-4.184145587980751,57,1,0.5188175439834595,0.03766694664955139,-6.524119606222025,0.7,0.014569560065865517,0.010131606832146645,1.8693232536315918,0.574000895023346,0.1719636619091034,0.029892245307564735
121,11305,-1.8749892526865022,37,1,0.4649500846862793,0.03657059371471405,-5.941195429713465,0.75,0.014470539055764675,0.054534196853637695,1.7088451385498047,0.49480801820755005,0.11221837997436523,0.029892245307564735
122,11343,-1.7265319833159438,38,1,0.4531761407852173,0.032617781311273575,-5.20568656396959,0.8,0.014366324059665203,0.014871129766106606,1.6406331062316895,0.4709155857563019,-0.10092366486787796,0.029892245307564735
123,11383,-2.492420965433122,40,1,0.45588406920433044,0.03866249695420265,-5.141200780347921,0.8,0.014259358868002892,0.011127307079732418,1.651527762413025,0.4005430042743683,0.1753925085067749,0.029892245307564735
124,11422,-1.880397224575284,39,1,0.4233051538467407,0.03267388418316841,-5.080952406951226,0.8,0.014154761098325253,0.041301608085632324,1.2492583990097046,0.40204057097435,-0.0428619310259819,0.029892245307564735
125,11542,-13.95427617781795,120,0,0.48361119627952576,0.05688262730836868,-5.067035034574102,0.8,0.01387146208435297,0.0108441561460495,1.6968919038772583,0.4840245842933655,-0.18500781059265137,0.029892245307564735
126,11580,-2.150808005928993,38,1,0.46093398332595825,0.035249508917331696,-4.390376364316325,0.85,0.013780062086880207,0.025062713772058487,1.6884891986846924,0.5139684081077576,0.03621046990156174,0.029892245307564735
127,11621,-2.5793705260753654,41,1,0.4812314808368683,0.03570377826690674,-4.373569705608766,0.85,0.013684794306755066,0.0423642061650753,1.325418472290039,0.5565347671508789,0.03169828653335571,0.029892245307564735
128,11670,-3.270549187660217,49,1,0.49379852414131165,0.0374348983168602,-4.383048347752076,0.85,0.013561641797423363,0.011809812858700752,1.4650347232818604,0.49645107984542847,0.19907674193382263,0.029892245307564735
129,11708,-2.390406305044892,38,1,0.4741583466529846,0.03835519775748253,-4.415793586354237,0.85,0.013472591526806355,0.10519260168075562,1.5746840238571167,0.5356423258781433,0.0650896430015564,0.029892245307564735
130,11751,-3.089765981584785,43,1,0.5013918280601501,0.03567231073975563,-4.13371766570816,0.85,0.013384133577346802,0.090155228972435,1.450853705406189,0.5873978137969971,0.06678811460733414,0.029892245307564735
131,11790,-2.1227082554996004,39,1,0.43271604180336,0.03899214789271355,-3.561989439664875,0.9,0.013301885686814785,0.011714957654476166,1.1936819553375244,0.4077441692352295,0.09368349611759186,0.029892245307564735
132,11829,-2.4229276512563214,39,1,0.49221113324165344,0.03526900336146355,-3.5776916713626123,0.9,0.013224349357187748,0.03216337412595749,1.6855378150939941,0.5047727227210999,0.18666644394397736,0.029892245307564735
133,11872,-3.039219197034833,43,1,0.505974292755127,0.037730395793914795,-3.605803726582322,0.9,0.013131394982337952,0.13110464811325073,1.2692034244537354,0.5974447727203369,-0.0578107126057148,0.029892245307564735
134,11908,-1.4567992356419577,36,1,0.43202218413352966,0.03873343765735626,-3.5866778629035685,0.9,0.013062088750302792,0.022450923919677734,1.4431147575378418,0.4418282210826874,0.012193114496767521,0.029892245307564735
135,11948,-2.577012156099082,40,1,0.4898720979690552,0.03721965476870537,-3.6162544920207,0.9,0.012988309375941753,0.08801419287919998,1.2885627746582031,0.5339092016220093,0.14203743636608124,0.029892245307564735
136,11991,-2.338637889772654,43,1,0.47421902418136597,0.039867933839559555,-3.0205150387310424,0.95,0.012909590266644955,0.014873933047056198,1.4308006763458252,0.5443021655082703,-0.016109678894281387,0.029892245307564735
137,12030,-2.6840920619666573,39,1,0.5031046271324158,0.03477875143289566,-3.063899056451861,0.95,0.012837309390306473,0.027981553226709366,1.4847086668014526,0.5714002847671509,-0.12204904109239578,0.029892245307564735
138,12073,-2.443878708183764,43,1,0.4403713047504425,0.03955280780792236,-3.097308323147241,0.95,0.012756244279444218,0.010427195578813553,1.3866007328033447,0.4216327965259552,-0.10810474306344986,0.02989225648343563
139,12113,-2.6723045763373365,40,1,0.49513351917266846,0.03684461489319801,-3.067562046494801,0.95,0.012692046351730824,0.015551900491118431,1.6197710037231445,0.559058427810669,0.11537976562976837,0.029892245307564735
140,12152,-1.834283470809459,39,1,0.44288745522499084,0.03581085056066513,-2.9500689406362364,0.95,0.012635494582355022,0.009200388565659523,1.5892481803894043,0.43809399008750916,-0.10135063529014587,0.029894188046455383
141,12188,-1.6641108682751646,36,1,0.4624466001987457,0.03655516728758812,-2.93952502141567,0.95,0.012584295123815536,0.03360501676797867,1.7715487480163574,0.4890955090522766,0.1112837865948677,0.029892245307564735
142,12226,-2.1975298602879034,38,1,0.48006680607795715,0.03570570796728134,-2.9630749152642673,0.95,0.012509975582361221,0.05256388708949089,1.1909525394439697,0.4673139452934265,0.19091551005840302,0.029892245307564735
143,12266,-2.3016718377172944,40,1,0.47993627190589905,0.037814170122146606,-2.953537458878476,0.95,0.012439635582268238,0.011216237209737301,1.3670461177825928,0.5114864110946655,0.14216546714305878,0.029892245307564735
144,12302,-1.5534248916804794,36,1,0.45402956008911133,0.035594213753938675,-2.937188842233735,0.95,0.012380406260490417,0.011773568578064442,1.7424070835113525,0.48746854066848755,-0.07252515107393265,0.029892245307564735
145,12340,-1.9582087324559696,38,1,0.47272393107414246,0.03436987102031708,-2.3373854699656365,1.0,0.012325356714427471,0.015929073095321655,1.1950082778930664,0.4830363690853119,0.15545053780078888,0.029892245307564735
146,12377,-1.435811629891397,37,1,0.43411150574684143,0.031718187034130096,-2.301635651163757,1.0,0.012266507372260094,0.03764338791370392,1.0423816442489624,0.4479375183582306,0.01654745452105999,0.029892245307564735
147,12497,-13.565093016494062,120,0,0.507804274559021,0.05831289291381836,-2.8509217756846916,0.95,0.012134541757404804,0.015937479212880135,0.925435483455658,0.5312808156013489,-0.19811859726905823,0.029892245307564735
148,12617,-13.356127250865102,120,0,0.4682484567165375,0.06947318464517593,-3.3552006788449362,0.9,0.011998546309769154,0.013539552688598633,1.3957734107971191,0.45288076996803284,-0.1737852692604065,0.029895005747675896
149,12653,-1.9124028390646002,36,1,0.46797820925712585,0.03964146226644516,-3.3313005055459213,0.9,0.01194850355386734,0.056861892342567444,1.2389841079711914,0.519252598285675,-0.0750974491238594,0.029892245307564735
150,12696,-3.07331070780754,43,1,0.5017045736312866,0.038806814700365067,-3.3304777418570586,0.9,0.011892310343682766,0.010245813056826591,1.3708871603012085,0.5574460625648499,0.143780916929245,0.029892245307564735
151,12731,-1.503272653371095,35,1,0.45099741220474243,0.0399436391890049,-3.2995059617506337,0.9,0.011849025264382362,0.00844601821154356,1.5379046201705933,0.476750910282135,0.07917595654726028,0.029892245307564735
152,12775,-2.988497920185327,44,1,0.497108519077301,0.03906036540865898,-3.3277844751970838,0.9,0.011788313277065754,0.014621860347688198,1.292593002319336,0.5801172852516174,0.06905551254749298,0.030478114262223244
153,12810,-1.47993943378329,35,1,0.4543192386627197,0.03784767910838127,-3.249820487034507,0.9,0.011762349866330624,0.04673957824707031,2.1332035064697266,0.4927399456501007,0.05993988364934921,0.029892245307564735
154,12847,-1.8034478159248835,37,1,0.47493433952331543,0.03625001013278961,-3.2671529160486528,0.9,0.011730406433343887,0.012059992179274559,0.7993137836456299,0.45247209072113037,0.18996074795722961,0.029892245307564735
155,12956,-6.8786989081650995,109,1,0.5167080163955688,0.03988078981637955,-3.4822372536519537,0.9,0.01160718034952879,0.11047439277172089,0.8386113047599792,0.5739197731018066,-0.16562117636203766,0.029892245307564735
156,12994,-2.0252890872955307,38,1,0.47479280829429626,0.03453370928764343,-3.4665698135280985,0.9,0.011577766388654709,0.019745878875255585,0.9586777687072754,0.5030229091644287,0.13671062886714935,0.029892245307564735
157,13031,-2.029304974824192,37,1,0.4707890450954437,0.03246660530567169,-3.4338304591709745,0.9,0.011542437598109245,0.02209531143307686,1.0615324974060059,0.47146034240722656,0.16211244463920593,0.029892245307564735
158,13075,-2.530513029545544,44,1,0.4838539659976959,0.03862284496426582,-3.438162175239063,0.9,0.011499747633934021,0.01105320081114769,1.028794288635254,0.5612479448318481,0.04392430558800697,0.03101262077689171
159,13122,-3.1098890759050857,47,1,0.5013651847839355,0.0389704667031765,-3.460041400217451,0.9,0.011470027267932892,0.01787753961980343,1.1909934282302856,0.5587855577468872,0.14184452593326569,0.029273200780153275
160,13158,-1.7045756053924581,36,1,0.4687500298023224,0.03551594167947769,-3.4535560069466014,0.9,0.011429297737777233,0.03648156672716141,1.3426622152328491,0.5307568311691284,0.03670275956392288,0.029892245307564735
161,13200,-2.9287251430749874,42,1,0.502528965473175,0.03784578666090965,-3.516786720686592,0.9,0.011411936022341251,0.01818249747157097,1.2429910898208618,0.5786525011062622,0.10212645679712296,0.029892245307564735
162,13237,-1.5391559812426552,37,1,0.4482380151748657,0.03520809859037399,-3.48386802673433,0.9,0.011398416943848133,0.017814891412854195,1.1367766857147217,0.48373615741729736,-0.03697899356484413,0.029892245307564735
163,13273,-1.6193247191607947,36,1,0.4562165439128876,0.03835238143801689,-3.4497506708065053,0.9,0.011385678313672543,0.18056902289390564,0.36115437746047974,0.4194653034210205,0.1648283749818802,0.029892245307564735
164,13323,-3.4889211823046216,50,1,0.5025829076766968,0.03944641724228859,-3.5465254853377126,0.9,0.011364741250872612,0.018685664981603622,0.4159901440143585,0.5971326231956482,-0.010143045336008072,0.029892245307564735
165,13360,-1.593648941218853,37,1,0.42956334352493286,0.03950316831469536,-3.528297495775857,0.9,0.011355905793607235,0.030081935226917267,0.8718140125274658,0.41850945353507996,-0.061429157853126526,0.029892245307564735
166,13480,-13.881136946044863,120,0,0.4882786273956299,0.06641486287117004,-4.1505637615835305,0.85,0.011401194147765636,0.01306711696088314,0.7708276510238647,0.5020403265953064,-0.17905810475349426,0.029892245307564735
167,13516,-1.7145170414447781,36,1,0.4605529010295868,0.0353461429476738,-3.558034962831065,0.9,0.011393080465495586,0.01703832484781742,1.368539571762085,0.42078784108161926,0.17562644183635712,0.029892245307564735
168,13552,-1.5629738157987578,36,1,0.44164279103279114,0.03902003914117813,-2.9683772910777475,0.95,0.01137511245906353,0.016726035624742508,0.8891152143478394,0.46609368920326233,0.03771817311644554,0.029892245307564735
169,13589,-1.7087472152709946,37,1,0.4608328342437744,0.03641302138566971,-2.9581945098880675,0.95,0.011374733410775661,0.009479016996920109,1.1976749897003174,0.4842698872089386,-0.11237487941980362,0.029892245307564735
170,13709,-13.689282965250314,120,0,0.46050626039505005,0.06476926058530807,-3.4889931227602062,0.9,0.011342398822307587,0.01463978923857212,1.0134174823760986,0.4511129856109619,-0.1539900153875351,0.02989804558455944
171,13746,-1.7188572017848491,37,1,0.46650975942611694,0.038056641817092896,-3.499772350180894,0.9,0.011354395188391209,0.011040839366614819,1.0577607154846191,0.5259822010993958,-0.03695407882332802,0.029892245307564735
172,13788,-2.97021340623498,42,1,0.5108432173728943,0.038583651185035706,-3.498858124483376,0.9,0.011358717456459999,0.01752716675400734,0.46855854988098145,0.5871102809906006,-0.11911693960428238,0.029892245307564735
173,13908,-13.08830957217142,120,0,0.468214213848114,0.06455104798078537,-4.079276631402783,0.85,0.011307789012789726,0.019027411937713623,0.8510192632675171,0.45888853073120117,-0.16712267696857452,0.029887128621339798
174,13960,-3.210883739441633,52,1,0.49141156673431396,0.039543021470308304,-4.1496484275786205,0.85,0.011305982246994972,0.017761288210749626,0.7199322581291199,0.5710543990135193,-0.05873508378863335,0.029892245307564735
175,13997,-2.079433113634585,37,1,0.4808299243450165,0.03929610922932625,-3.9096851378520947,0.85,0.011286175809800625,0.021186891943216324,0.6072440147399902,0.5303232669830322,0.11406905949115753,0.029892245307564735
176,14034,-1.550712057352066,37,1,0.44161203503608704,0.03337016701698303,-3.8859562863549213,0.85,0.011268699541687965,0.00852723978459835,0.5082577466964722,0.44791004061698914,0.0827644094824791,0.029892245307564735
177,14079,-2.8364510804414733,45,1,0.4897622764110565,0.03758465498685837,-3.926313591635785,0.85,0.011246921494603157,0.02508084662258625,0.5476725697517395,0.5745002031326294,0.0002597089624032378,0.029892245307564735
178,14115,-1.470610648989676,36,1,0.45007631182670593,0.035558413714170456,-3.8733184726079926,0.85,0.011223189532756805,0.012422158382833004,0.8197950124740601,0.4918653666973114,0.008921639993786812,0.029892245307564735
179,14154,-2.2754535964131373,39,1,0.48512914776802063,0.037015650421381,-3.8315966986333954,0.85,0.011188051663339138,0.02887074276804924,0.5933631658554077,0.5213102102279663,-0.14528833329677582,0.029892245307564735
180,14191,-1.858089802563189,37,1,0.47136685252189636,0.0339457243680954,-3.8392724084919316,0.85,0.011178473941981792,0.012193012982606888,0.32370176911354065,0.4257677495479584,0.19941028952598572,0.029892245307564735
181,14228,-1.5657240170240394,37,1,0.42885926365852356,0.03462883085012436,-3.7711223521893844,0.85,0.011179231107234955,0.019451331347227097,0.7437396049499512,0.42339998483657837,-0.045329499989748,0.029892245307564735
182,14264,-1.4428880839049825,36,1,0.4518887400627136,0.03176061436533928,-3.766308957322501,0.85,0.011207166127860546,0.009225063025951385,0.575823187828064,0.49628588557243347,-0.007782397326081991,0.029892245307564735
183,14310,-3.113142789900305,46,1,0.4955393075942993,0.03657347336411476,-3.840999860859476,0.85,0.011241725645959377,0.008448351174592972,0.6532686352729797,0.5824613571166992,-0.037012115120887756,0.029892245307564735
184,14430,-13.96858300562017,120,0,0.5343249440193176,0.06271199882030487,-4.364982952025253,0.8,0.01132228597998619,0.06411612033843994,0.5310418009757996,0.5859123468399048,-0.19849643111228943,0.029892245307564735
185,14468,-1.8451123027503504,38,1,0.4491051435470581,0.034679342061281204,-4.377556120101828,0.8,0.01133705023676157,0.010767774656414986,0.7139556407928467,0.4498087465763092,-0.11649183928966522,0.02989247255027294
186,14505,-1.5420458936691261,37,1,0.4420433044433594,0.033896006643772125,-3.7606015674830418,0.85,0.01134569849818945,0.02177410200238228,0.609917938709259,0.44683942198753357,-0.08678457885980606,0.029892245307564735
187,14625,-13.224107257574788,120,0,0.5218743681907654,0.055363141000270844,-4.336081078289542,0.8,0.01142167579382658,0.009154987521469593,0.5154834985733032,0.566411554813385,0.19169647991657257,0.029892245307564735
188,14745,-13.448579905200763,120,0,0.47647225856781006,0.053082115948200226,-4.930361382759641,0.75,0.011450315825641155,0.010200804099440575,0.5679275989532471,0.4819294810295105,-0.16766400635242462,0.029892245307564735
189,14783,-1.7799898244440557,38,1,0.432341992855072,0.03989811986684799,-4.933923513218295,0.75,0.011451090686023235,0.017856579273939133,0.2244737446308136,0.4255594313144684,0.06742978096008301,0.029892245307564735
190,14820,-1.4606442283093903,37,1,0.4239713251590729,0.035050664097070694,-4.322491576371249,0.8,0.011439057067036629,0.011678215116262436,0.5771192312240601,0.4116488993167877,0.021983450278639793,0.029892245307564735
191,14862,-2.385403649061918,42,1,0.4775017499923706,0.03897695615887642,-4.3558188987351025,0.8,0.011445298790931702,0.05510486662387848,0.3298145532608032,0.5495631694793701,0.02931530959904194,0.029892245307564735
192,14914,-3.729993321597579,52,1,0.5047272443771362,0.037889350205659866,-4.393807894503232,0.8,0.011425499804317951,0.010306843556463718,0.16033606231212616,0.5962244868278503,-0.05281093716621399,0.029892245307564735
193,14962,-3.5514843371510496,48,1,0.5174888968467712,0.03927263244986534,-3.9169666327522137,0.85,0.011421702802181244,0.04991936683654785,0.43356406688690186,0.5593757629394531,-0.18918243050575256,0.029892245307564735
194,14999,-1.6294189086556434,37,1,0.4591221511363983,0.037690721452236176,-3.8378933912129134,0.85,0.011425008997321129,0.009820746257901192,0.3774626851081848,0.5053871273994446,-0.055877987295389175,0.029892245307564735
195,15049,-3.025873564779756,50,1,0.4903145134449005,0.03844678774476051,-3.8852154137701733,0.85,0.01142178475856781,0.008756615221500397,0.882411539554596,0.5658655166625977,-0.07131607830524445,0.029892245307564735
196,15086,-1.6011114534735649,37,1,0.45227310061454773,0.03301906958222389,-3.887735383576248,0.85,0.011402178555727005,0.011444995179772377,0.4629064202308655,0.43486130237579346,0.14101888239383698,0.029892245307564735
197,15129,-2.9254462973773503,43,1,0.504378080368042,0.0383431650698185,-3.892185144423041,0.85,0.011374776251614094,0.009734146296977997,0.2960962951183319,0.5455110669136047,-0.17087413370609283,0.029892245307564735
198,15167,-1.7874923011660595,38,1,0.43932726979255676,0.038298651576042175,-3.908029227031861,0.85,0.011354861781001091,0.00930064171552658,0.7632451057434082,0.41402360796928406,0.1150541603565216,0.029892245307564735
199,15203,-1.5761447164416333,36,1,0.45452621579170227,0.038122761994600296,-3.8730637830332855,0.85,0.011337321251630783,0.011369070038199425,0.4190079867839813,0.49062269926071167,0.06754890084266663,0.029892245307564735
200,15244,-2.083962111622096,41,1,0.4722000062465668,0.03597399592399597,-3.884357398486231,0.85,0.011313317343592644,0.012403457425534725,0.039885103702545166,0.508048415184021,-0.11932786554098129,0.029892245307564735
201,15286,-2.7386746616661535,42,1,0.5152825713157654,0.03705541044473648,-3.943004930718337,0.85,0.011305616237223148,0.011894196271896362,0.33822453022003174,0.5471805930137634,0.19879049062728882,0.029892245307564735
202,15406,-14.470536909587686,120,0,0.5320098996162415,0.08261220902204514,-4.594387372002473,0.8,0.011230518110096455,0.011108368635177612,0.10410892963409424,0.5850567817687988,0.19341321289539337,0.029892245307564735
203,15443,-1.4147592622041687,37,1,0.42724499106407166,0.03388829156756401,-4.509468195617666,0.8,0.011238242499530315,0.03352837264537811,0.3390652537345886,0.424789696931839,0.018637415021657944,0.029892245307564735
204,15495,-3.176533262785524,52,1,0.4880961775779724,0.03882397711277008,-3.9698657084759326,0.85,0.011197145096957684,0.011324035003781319,-0.13915559649467468,0.5701531171798706,-0.026028567925095558,0.029892245307564735
205,15531,-1.3576636001467692,36,1,0.447211891412735,0.03388425335288048,-3.945493273345754,0.85,0.011198630556464195,0.04094463586807251,0.33523666858673096,0.4808019697666168,0.03843219205737114,0.029892245307564735
206,15569,-1.9066868060827264,38,1,0.4748493432998657,0.039081376045942307,-3.9637253189664343,0.85,0.011197108775377274,0.014947480522096157,-0.22146722674369812,0.5098786950111389,0.12652654945850372,0.029892245307564735
207,15606,-1.5015867549180975,37,1,0.44700324535369873,0.031534578651189804,-3.3775992938335997,0.9,0.011183101683855057,0.01481948234140873,-0.41105031967163086,0.47550708055496216,0.05570228025317192,0.029892245307564735
208,15643,-1.8049300494790081,37,1,0.46911388635635376,0.03648160770535469,-2.7954168010475113,0.95,0.011140852235257626,0.0075696855783462524,0.5047944784164429,0.5344362258911133,0.0053263637237250805,0.029892245307564735
209,15680,-1.4715993067622186,37,1,0.44449299573898315,0.03333672508597374,-2.7799972751634194,0.95,0.011137563735246658,0.009974217042326927,0.38891899585723877,0.45069974660873413,0.09278429299592972,0.029892245307564735
210,15723,-3.009155670106412,43,1,0.5034586787223816,0.039574380964040756,-2.857422847253271,0.95,0.011171520687639713,0.008416097611188889,0.19892442226409912,0.5924292802810669,-0.06075197830796242,0.029892245307564735
211,15761,-1.6955968861281887,38,1,0.4221152365207672,0.03421495854854584,-2.8229325091065838,0.95,0.011152801103889942,0.014993833377957344,0.4982700049877167,0.40534061193466187,0.013896966353058815,0.029892245307564735
212,15802,-2.6706787495315085,41,1,0.4999668300151825,0.035369157791137695,-2.769966780503281,0.95,0.01115941908210516,0.010702421888709068,-0.20480409264564514,0.586982250213623,0.05715418606996536,0.029892245307564735
213,15839,-1.4986987051367757,37,1,0.4370812475681305,0.03161246329545975,-2.6673274989025666,0.95,0.011143806390464306,0.05507982522249222,0.29901260137557983,0.4568532109260559,0.016394395381212234,0.029892245307564735
214,15880,-2.631012475639583,41,1,0.5054612159729004,0.0359378457069397,-2.717407177251764,0.95,0.01112383883446455,0.010364135727286339,0.1541474461555481,0.5464091897010803,0.1728077232837677,0.029892245307564735
215,15918,-1.8610292227566259,38,1,0.4690352976322174,0.03683747723698616,-2.6591649601506075,0.95,0.011132387444376945,0.0068547697737813,-0.33357661962509155,0.5342932343482971,-0.0044362107291817665,0.029892245307564735
216,15955,-1.5794043637812125,37,1,0.4531257152557373,0.037936173379421234,-2.65807960566599,0.95,0.011157603934407234,0.0554124116897583,0.06826364994049072,0.494234561920166,0.04418528079986572,0.029892245307564735
217,16031,-4.643245783057068,76,1,0.4778273105621338,0.039077017456293106,-2.7439695799499755,0.95,0.01113470271229744,0.0070776911452412605,0.17728722095489502,0.45358800888061523,-0.19745653867721558,0.029895901679992676
218,16079,-3.5059446465969106,48,1,0.5014427900314331,0.03629978746175766,-2.8298921972215183,0.95,0.011069465428590775,0.1457187980413437,-0.25086885690689087,0.5944079756736755,-0.023057112470269203,0.029892245307564735
219,16122,-3.139749601967635,43,1,0.5133454203605652,0.03666718304157257,-2.9080724414978185,0.95,0.011022083461284637,0.016312165185809135,0.06760145723819733,0.5771191716194153,-0.14915971457958221,0.029892245307564735
220,16159,-1.5992558845877625,37,1,0.44224947690963745,0.03767460212111473,-2.883837130146102,0.95,0.010970226489007473,0.010059356689453125,-0.13624541461467743,0.42313531041145325,0.11739090830087662,0.029892245307564735
221,16200,-2.721953328549861,41,1,0.5106785893440247,0.03559090197086334,-2.883001063490287,0.95,0.010955866426229477,0.00969500932842493,-0.3402583599090576,0.569226861000061,0.15400925278663635,0.029892245307564735
222,16240,-1.9806658124923686,40,1,0.45334893465042114,0.03905448690056801,-2.2585075086355215,1.0,0.010923085734248161,0.03996570408344269,-0.08259085565805435,0.4465605616569519,-0.13625609874725342,0.02989812195301056
223,16300,-4.398714607208973,60,1,0.468927800655365,0.03964046761393547,-2.4077052758857613,1.0,0.010877772234380245,0.00977341178804636,0.1316613107919693,0.40994611382484436,-0.2039801925420761,0.029895195737481117
224,16340,-2.449282768517735,40,1,0.49885761737823486,0.03991534188389778,-2.3713427511723717,1.0,0.01083333883434534,0.008020270615816116,-0.5581349730491638,0.5485244989395142,0.1490408331155777,0.029892245307564735
225,16378,-2.0529548023641127,38,1,0.4888535439968109,0.03553501516580582,-2.406107311283239,1.0,0.010838696733117104,0.011043800972402096,0.01850903034210205,0.5154496431350708,0.16496536135673523,0.029892245307564735
226,16415,-1.4843794535100434,37,1,0.42537644505500793,0.037822265177965164,-2.3849919436546054,1.0,0.010850663296878338,0.13426153361797333,-0.06325563788414001,0.419374018907547,0.0006976955337449908,0.029892245307564735
227,16453,-1.8239980481564988,38,1,0.4539508819580078,0.03386615589261055,-2.401112508316525,1.0,0.010844306088984013,0.012885878793895245,-0.0764920711517334,0.4232643246650696,0.15568377077579498,0.029892245307564735
228,16495,-2.939841298460961,42,1,0.517316997051239,0.03601134568452835,-2.457858070765623,1.0,0.010850559920072556,0.00884835422039032,-0.03369676321744919,0.572633683681488,-0.16954316198825836,0.029892245307564735
229,16532,-1.4387049220502384,37,1,0.4391917288303375,0.03380993753671646,-2.4562133515300237,1.0,0.010834723711013794,0.04742538928985596,-0.3379415273666382,0.44473859667778015,0.07484453171491623,0.029892245307564735
230,16572,-2.2665737038850793,40,1,0.47951698303222656,0.03567136451601982,-2.4190842532189567,1.0,0.010798207484185696,0.011149786412715912,-0.044376060366630554,0.555239200592041,-0.0015532064717262983,0.029892245307564735
231,16609,-1.8946306531131247,37,1,0.45278245210647583,0.0353926420211792,-2.4290359415682037,1.0,0.010788253508508205,0.04809534177184105,-0.31563568115234375,0.47058215737342834,-0.09969007968902588,0.029892245307564735
232,16646,-1.7033650867640944,37,1,0.42880168557167053,0.038754627108573914,-2.3806702584298334,1.0,0.010777857154607773,0.013370927423238754,-0.411783903837204,0.4258902370929718,-0.03767654672265053,0.029892245307564735
233,16684,-1.7125652515888206,38,1,0.4396568238735199,0.03193105012178421,-2.3913635857524356,1.0,0.010750893503427505,0.011415649205446243,-0.35818415880203247,0.40332379937171936,0.12530967593193054,0.029892245307564735
234,16724,-2.0286996372044106,40,1,0.4275585412979126,0.03301510959863663,-2.361247943830677,1.0,0.01070465613156557,0.01181468740105629,-0.009395614266395569,0.41303128004074097,0.05697993189096451,0.029892245307564735
235,16764,-1.8239983172714709,40,1,0.43108227849006653,0.03612122684717178,-2.3593963985564192,1.0,0.010668364353477955,0.014533150009810925,-0.17841759324073792,0.42633330821990967,0.05722787603735924,0.029892245307564735
236,16801,-1.421982598751784,37,1,0.4370827078819275,0.032601334154605865,-2.3515253103049476,1.0,0.01065023522824049,0.007142369169741869,0.05531434342265129,0.4566638171672821,0.018077034503221512,0.029892245307564735
237,16838,-1.5248822374641886,37,1,0.45226702094078064,0.03279968351125717,-2.1956071330253035,1.0,0.010639103129506111,0.009417193941771984,-0.5740597248077393,0.4781014919281006,0.08339852094650269,0.029892245307564735
238,16876,-1.7789775820076486,38,1,0.46381163597106934,0.03313024714589119,-2.109258779795841,1.0,0.010599778033792973,0.009760566055774689,-0.26661887764930725,0.5005837082862854,-0.09660758823156357,0.029892245307564735
239,16913,-1.4181893883645529,37,1,0.4328593611717224,0.0369117371737957,-2.0231807691156867,1.0,0.010598989203572273,0.00921104196459055,-0.2764809727668762,0.44242221117019653,-0.026687828823924065,0.029892245307564735
240,16954,-2.953291831612587,41,1,0.5225725769996643,0.03333384543657303,-2.090882566466928,1.0,0.010587801225483418,0.012397282756865025,-0.07518623769283295,0.5651487708091736,0.19526977837085724,0.029892245307564735
241,16993,-2.0974123659729953,39,1,0.4893580377101898,0.03748772293329239,-2.0596555183380842,1.0,0.010593805462121964,0.011221558786928654,-0.23717617988586426,0.4839063882827759,0.1996527910232544,0.029892245307564735
242,17031,-1.966959853619338,38,1,0.474780410528183,0.03375885263085365,-2.058970220394433,1.0,0.010588239878416061,0.12389304488897324,-0.14076584577560425,0.5273986458778381,-0.09234917908906937,0.029892245307564735
243,17067,-1.3202626430988298,36,1,0.42962393164634705,0.036330003291368484,-1.9050476221889254,1.0,0.01063412707298994,0.00892471894621849,-0.04332825541496277,0.43438753485679626,-0.005745125003159046,0.029892245307564735
244,17105,-1.9017611673474333,38,1,0.4647676944732666,0.03963497281074524,-1.8776715421304104,1.0,0.010614495724439621,0.008348004892468452,-0.23832648992538452,0.5248135328292847,-0.015926944091916084,0.029892245307564735
245,17142,-1.6458793066441997,37,1,0.4667603373527527,0.03501337394118309,-1.8573177673444146,1.0,0.010615579783916473,0.0076259104534983635,-0.34724748134613037,0.5150707364082336,0.07911254465579987,0.029892245307564735
246,17179,-1.6299588803946987,37,1,0.45489823818206787,0.03762677311897278,-1.8645967386886473,1.0,0.010597215965390205,0.012680422514677048,-0.4618656039237976,0.4382351040840149,0.14626608788967133,0.029892245307564735
247,17219,-2.398743736147881,40,1,0.4881429076194763,0.03777603060007095,-1.8933340230882163,1.0,0.01058258768171072,0.01288542989641428,-0.32312196493148804,0.5597900748252869,0.07790657877922058,0.029892245307564735
248,17256,-1.876223926842215,37,1,0.4795721769332886,0.03780156373977661,-1.8401531545072796,1.0,0.010576639324426651,0.010952567681670189,-0.4080463647842407,0.5226700305938721,0.12313908338546753,0.029892245307564735
249,17294,-1.8586477306485172,38,1,0.43338969349861145,0.03491970896720886,-1.8611502949371932,1.0,0.010558231733739376,0.011249576695263386,-0.42003265023231506,0.4248030483722687,-0.07505037635564804,0.029892245307564735
250,17331,-1.7333546851575363,37,1,0.4665096700191498,0.03876620903611183,-1.8344893440008163,1.0,0.010562431998550892,0.03046814352273941,-0.37659841775894165,0.46693336963653564,0.15407054126262665,0.029892245307564735
251,17371,-2.732459528297185,40,1,0.5176557302474976,0.037655629217624664,-1.8763807877600194,1.0,0.010598761960864067,0.03450130671262741,-0.46804577112197876,0.5654283165931702,0.18130432069301605,0.029892245307564735
252,17411,-2.1665308782458306,40,1,0.48081299662590027,0.03386508673429489,-1.899539077334106,1.0,0.010581769980490208,0.009109852835536003,-0.6587738394737244,0.5416414141654968,0.08838898688554764,0.029892245307564735
253,17503,-6.2752720451354955,92,1,0.46413326263427734,0.03774653375148773,-2.12767441701144,1.0,0.01060323603451252,0.007428551558405161,-0.25565940141677856,0.4086485803127289,-0.19529978930950165,0.029891248792409897
254,17540,-1.9598558318614954,37,1,0.46709445118904114,0.03857521340250969,-2.124232226744294,1.0,0.010595644824206829,0.008205045014619827,-0.6330069899559021,0.5014825463294983,-0.10972809046506882,0.029892245307564735
255,17578,-1.707681515514853,38,1,0.42103660106658936,0.039462994784116745,-2.118416386656463,1.0,0.010576452128589153,0.030101804062724113,-0.5087981224060059,0.40051525831222534,0.014465314336121082,0.029892245307564735
256,17616,-1.9322029297053795,38,1,0.4718916714191437,0.03503480181097984,-2.143927403204143,1.0,0.010548651218414307,0.010031335055828094,-0.45759934186935425,0.4380902349948883,0.19282402098178864,0.029892245307564735
257,17652,-1.3425207139551638,36,1,0.44204065203666687,0.03457209840416908,-2.1348093270286923,1.0,0.01053107064217329,0.009067311882972717,-0.4725917875766754,0.47080227732658386,-0.015938561409711838,0.029892245307564735
258,17689,-1.9282056583464149,37,1,0.4744758903980255,0.039197515696287155,-2.14227073084563,1.0,0.010542626492679119,0.01253103744238615,-0.4666835069656372,0.5371353626251221,0.062072355300188065,0.029892245307564735
259,17729,-2.448783943206071,40,1,0.4935700297355652,0.03772924840450287,-2.1938004585877064,1.0,0.010553138330578804,0.009994376450777054,-0.6402552127838135,0.5721397399902344,0.07072164118289948,0.029892245307564735
260,17767,-1.7549622167646914,38,1,0.4610602855682373,0.0350734181702137,-2.1338839778453114,1.0,0.010559813119471073,0.009477718733251095,-0.6576026678085327,0.4362005889415741,0.16603538393974304,0.029892245307564735
261,17803,-1.711293946057558,36,1,0.4682682752609253,0.03703433275222778,-2.114578056849539,1.0,0.010552574880421162,0.008415189571678638,-0.8094441890716553,0.5312215685844421,-0.02622094750404358,0.029892245307564735
262,17841,-1.6074073351919642,38,1,0.4257727861404419,0.0338846892118454,-2.096600430928171,1.0,0.01050186064094305,0.008788345381617546,-0.3154921233654022,0.41532066464424133,0.035102859139442444,0.029892245307564735
263,17879,-1.7776224918663495,38,1,0.43690744042396545,0.0357506200671196,-2.119468423366547,1.0,0.010517400689423084,0.007721797097474337,-0.4598253071308136,0.41212597489356995,-0.10454722493886948,0.02989565022289753
264,17918,-2.186445120871068,39,1,0.47900375723838806,0.03758101537823677,-2.1337026210427283,1.0,0.010513459332287312,0.01953451707959175,-0.29521340131759644,0.5542208552360535,-0.0038751200772821903,0.029892245307564735
265,17955,-1.4067520195245748,37,1,0.43464136123657227,0.03472205996513367,-2.1217462566867473,1.0,0.010503137484192848,0.015640750527381897,-0.5537660717964172,0.44723936915397644,0.03050249256193638,0.029892245307564735
266,17994,-1.8710243949294103,39,1,0.4370470643043518,0.03908834606409073,-2.133799532413483,1.0,0.010447442531585693,0.007981417700648308,-0.3879496455192566,0.4010731279850006,-0.11241357028484344,0.02989225648343563
267,18031,-1.5355748231709017,37,1,0.45055273175239563,0.034197527915239334,-2.0906410867646334,1.0,0.010432065464556217,0.009578009136021137,-0.6110655069351196,0.4866473078727722,0.04909690096974373,0.029892245307564735
268,18070,-2.47742167785764,39,1,0.4954509735107422,0.03783690184354782,-2.120700974315405,1.0,0.010399335995316505,0.014713456854224205,-0.5437639951705933,0.583076536655426,-0.03070971928536892,0.029892245307564735
269,18106,-1.3719432520866386,36,1,0.43735429644584656,0.03602622076869011,-2.096365750387311,1.0,0.010352886281907558,0.011059531942009926,-0.3533291220664978,0.45849674940109253,-0.0035113964695483446,0.029892245307564735
270,18144,-1.9549176903069005,38,1,0.46947821974754333,0.03389698266983032,-2.107443900644779,1.0,0.010326283052563667,0.008571414276957512,-0.4005550444126129,0.4809841215610504,-0.14773288369178772,0.029892245307564735
271,18186,-2.8346331646293415,42,1,0.4997996389865875,0.03561969846487045,-2.1125525824613876,1.0,0.010335125029087067,0.006608840078115463,-0.9757367968559265,0.592262864112854,-0.010714489035308361,0.029892245307564735
272,18224,-1.7812925042211987,38,1,0.4494031071662903,0.03379029408097267,-2.0932906637601554,1.0,0.01033029705286026,0.017209408804774284,-0.562654972076416,0.4088440239429474,0.15255752205848694,0.029892245307564735
273,18266,-3.1267736320197583,42,1,0.5147318840026855,0.03932778909802437,-1.9358657431043684,1.0,0.010324850678443909,0.008115863427519798,-0.8800147771835327,0.599273145198822,0.10590387135744095,0.029892245307564735
274,18303,-1.475563402026891,37,1,0.4429909884929657,0.03338048234581947,-1.9116511216126386,1.0,0.010316253639757633,0.007179174572229385,-0.8160827159881592,0.4515034854412079,-0.08393029868602753,0.029892245307564735
275,18343,-2.560275463461874,40,1,0.4960215091705322,0.03973058611154556,-1.9542808190099898,1.0,0.01026997435837984,0.06458012759685516,-0.5413810014724731,0.569345235824585,0.09434759616851807,0.029892245307564735
276,18380,-1.5340624855458733,37,1,0.42288583517074585,0.030487176030874252,-1.9343737968020143,1.0,0.010294709354639053,0.010453903116285801,-0.6773943901062012,0.402285099029541,-0.037891875952482224,0.029892245307564735
277,18420,-2.3316978327929982,40,1,0.4982328712940216,0.03578617796301842,-1.9838326527439059,1.0,0.010261955671012402,0.024394404143095016,-0.7019341588020325,0.5248316526412964,0.18020202219486237,0.029892245307564735
278,18460,-2.6148619075119477,40,1,0.5044620037078857,0.036403197795152664,-2.0181654652021828,1.0,0.010200606659054756,0.011160404421389103,-0.5724020004272461,0.5709144473075867,0.12853127717971802,0.029892245307564735
279,18498,-1.999820429384707,38,1,0.4785885810852051,0.036954037845134735,-1.995717289511114,1.0,0.010215608403086662,0.012775138020515442,-0.8362162113189697,0.5506749153137207,-0.036850810050964355,0.029892245307564735
280,18534,-1.7461942152678942,36,1,0.4544103145599365,0.038536109030246735,-1.9952788894362743,1.0,0.010186340659856796,0.009527300484478474,-0.8929683566093445,0.4836843013763428,-0.08340975642204285,0.029892245307564735
281,18570,-1.5919746752083306,36,1,0.45759862661361694,0.03144306689500809,-1.9893129258938125,1.0,0.01014744583517313,0.01624932512640953,-0.8661384582519531,0.5035344362258911,-0.04957118257880211,0.029892245307564735
282,18606,-1.5901242083311065,36,1,0.4616863429546356,0.03463829681277275,-1.9884487695507702,1.0,0.01014402974396944,0.01043631136417389,-0.6547026634216309,0.4946660101413727,-0.09809160977602005,0.029892245307564735
283,18642,-1.341189242303372,36,1,0.43776223063468933,0.03367835283279419,-1.9666271070726211,1.0,0.010132026858627796,0.008276245556771755,-0.5852109789848328,0.45948418974876404,-0.008317350409924984,0.029892245307564735
284,18679,-1.5811829583346837,37,1,0.42915961146354675,0.03311750665307045,-1.9363639989458026,1.0,0.010093704797327518,0.006723295897245407,-0.271232008934021,0.42223671078681946,-0.050812073051929474,0.029892245307564735
285,18716,-2.086125082522633,37,1,0.47983109951019287,0.039617229253053665,-1.9703326520957052,1.0,0.010031485930085182,0.00921381451189518,-0.5690909624099731,0.5333963632583618,-0.10329712182283401,0.029892245307564735
286,18752,-1.57825065433979,36,1,0.45933815836906433,0.03738032653927803,-1.9556939650662244,1.0,0.009985437616705894,0.09159043431282043,-0.7291262149810791,0.4533775746822357,0.14577290415763855,0.029892245307564735
287,18791,-2.4857515862584094,39,1,0.507787823677063,0.03641343116760254,-2.0032028032205997,1.0,0.009945384226739407,0.011610988527536392,-0.46262380480766296,0.5519576072692871,0.17185094952583313,0.029892245307564735
288,18828,-1.5524852354824548,37,1,0.4344661235809326,0.03418700397014618,-1.9569559811018404,1.0,0.009941629134118557,0.08597350120544434,-0.8103798031806946,0.4251902997493744,-0.08046963065862656,0.029892245307564735
289,18866,-2.060736432075502,38,1,0.4916161894798279,0.038477279245853424,-1.9913956401012836,1.0,0.009895313531160355,0.008456472307443619,-0.5795962810516357,0.5251473784446716,0.16057901084423065,0.029892245307564735
290,18903,-1.6835092979669586,37,1,0.43454283475875854,0.03362220153212547,-1.9778252204842866,1.0,0.009854183532297611,0.007808284368366003,-0.8101385831832886,0.40725916624069214,-0.09996754676103592,0.029894687235355377
291,18940,-2.034617414325475,37,1,0.4803003966808319,0.03700575605034828,-1.937824432969093,1.0,0.00983250793069601,0.007879074662923813,-0.7151340246200562,0.5554037094116211,-0.025935642421245575,0.029892245307564735
292,18978,-1.681147911697626,38,1,0.42820805311203003,0.038672205060720444,-1.9328172033429145,1.0,0.009803599677979946,0.0077623650431632996,-0.7375595569610596,0.4193422794342041,0.04924048110842705,0.029892245307564735
293,19015,-1.4530509163439271,37,1,0.4306926429271698,0.03120417892932892,-1.849131067559123,1.0,0.009787844493985176,0.007551682181656361,-1.0016887187957764,0.4298880100250244,0.04558921232819557,0.029892245307564735
294,19052,-1.8593401081860064,37,1,0.45755061507225037,0.03626107797026634,-1.8683199028670785,1.0,0.009798037819564342,0.00811399519443512,-1.178140640258789,0.48904848098754883,-0.08886462450027466,0.029892245307564735
295,19089,-1.5066165399551377,37,1,0.4385314881801605,0.033334579318761826,-1.8156369566917416,1.0,0.009813275188207626,0.005840346682816744,-0.7708236575126648,0.45264530181884766,-0.05274362489581108,0.029892245307564735
296,19131,-2.599879235923291,42,1,0.498879611492157,0.032225776463747025,-1.8689277942106126,1.0,0.009802393615245819,0.007327531464397907,-0.6416049599647522,0.5152537822723389,0.19286850094795227,0.029892245307564735
297,19169,-1.9751688700914398,38,1,0.47339335083961487,0.032172687351703644,-1.8511013460755343,1.0,0.009721927344799042,0.011237581260502338,-0.9636718034744263,0.4381309449672699,0.19644324481487274,0.029892245307564735
298,19209,-2.508971550464632,40,1,0.49728715419769287,0.03876641392707825,-1.8458068282231685,1.0,0.009691504761576653,0.014497635886073112,-0.9389715790748596,0.5514490008354187,-0.13866375386714935,0.029892245307564735
299,19245,-1.5000060766935341,36,1,0.45255589485168457,0.039406657218933105,-1.8208161105886098,1.0,0.009673415683209896,0.011141124181449413,-0.6593263745307922,0.4645308554172516,0.10805514454841614,0.029892245307564735
300,19281,-1.9861262808740126,36,1,0.48499175906181335,0.03625704348087311,-1.8328127138689159,1.0,0.009704697877168655,0.008487929590046406,-0.9699930548667908,0.554458737373352,-0.0752977505326271,0.029892245307564735
301,19320,-2.1069844332337357,39,1,0.47990912199020386,0.03666001930832863,-1.858563201770186,1.0,0.009676119312644005,0.004836612846702337,-0.7387619018554688,0.4749033749103546,-0.18386591970920563,0.029892245307564735
302,19359,-2.0501532630622386,39,1,0.43505921959877014,0.03956931456923485,-1.881564654506743,1.0,0.009680337272584438,0.008653977885842323,-0.8031584024429321,0.4066757559776306,0.10499543696641922,0.029892245307564735
303,19396,-1.6093781638145463,37,1,0.4283628761768341,0.03621229901909828,-1.8949741005823018,1.0,0.009681846015155315,0.01780860684812069,-1.0017900466918945,0.40976783633232117,-0.06794429570436478,0.029892245307564735
304,19433,-1.742884089797733,37,1,0.4688790440559387,0.0342276506125927,-1.9030591571554538,1.0,0.009662581607699394,0.008541546761989594,-1.0887291431427002,0.520073413848877,0.07832293957471848,0.029892245307564735
305,19470,-1.8351858048141017,37,1,0.4698677062988281,0.033392153680324554,-1.8905121932700275,1.0,0.009607404470443726,0.01209971308708191,-0.6853941679000854,0.518291711807251,0.08842288702726364,0.029892245307564735
306,19507,-1.6555366757512076,37,1,0.46206414699554443,0.03276769816875458,-1.8943764943405985,1.0,0.009618748910725117,0.028319519013166428,-0.859158992767334,0.4498510956764221,0.15742085874080658,0.029892245307564735
307,19545,-1.742708217203619,38,1,0.4332036077976227,0.03638456389307976,-1.857224325887859,1.0,0.009604147635400295,0.007962379604578018,-1.0114033222198486,0.4205501973628998,0.08034320920705795,0.029892245307564735
308,19582,-1.4663731022179123,37,1,0.42506885528564453,0.0314410999417305,-1.852918719224632,1.0,0.00959327258169651,0.00849534384906292,-1.0403435230255127,0.40084901452064514,-0.059652701020240784,0.029892245307564735
309,19619,-1.4678270113468184,37,1,0.4392518699169159,0.035882625728845596,-1.823273248188198,1.0,0.009577745571732521,0.007742471061646938,-0.8407925367355347,0.43855661153793335,0.08555164933204651,0.029892245307564735
310,19656,-1.458649145290253,37,1,0.4247303307056427,0.03088448755443096,-1.8120302405543627,1.0,0.009565536864101887,0.009251439943909645,-1.3753840923309326,0.41416242718696594,-0.024395564571022987,0.029892245307564735
311,19692,-1.4995384748280056,36,1,0.45315802097320557,0.03470401465892792,-1.7852762935794888,1.0,0.009542940184473991,0.008073783479630947,-1.0088754892349243,0.49756157398223877,-0.02692261151969433,0.029892245307564735
312,19729,-2.3150129945576188,37,1,0.4936404526233673,0.0332406647503376,-1.8169695477224888,1.0,0.009524260647594929,0.006170133128762245,-0.7013942003250122,0.5813619494438171,-0.00979952048510313,0.029892245307564735
313,19769,-2.3778673562407526,40,1,0.4979012906551361,0.03774281591176987,-1.86321036971733,1.0,0.009495047852396965,0.011088471859693527,-0.699118971824646,0.5077004432678223,-0.1982719451189041,0.029892245307564735
314,19810,-2.1884573034942143,41,1,0.4706435799598694,0.03781960904598236,-1.8796662294827406,1.0,0.009470251388847828,0.0051285321824252605,-0.6016773581504822,0.4554128050804138,-0.17751656472682953,0.029894579201936722
315,19847,-1.662887747436761,37,1,0.4616321921348572,0.03216307982802391,-1.8874797898568214,1.0,0.009500650689005852,0.00829210877418518,-0.9127447009086609,0.4858306348323822,0.11318019777536392,0.029892245307564735
316,19882,-2.0626665505766866,35,1,0.49094149470329285,0.03924727439880371,-1.8606191555894913,1.0,0.009524183347821236,0.008119062520563602,-0.6989545822143555,0.5681982040405273,-0.06699354201555252,0.029892245307564735
317,19917,-1.4973459869623191,35,1,0.4671969413757324,0.03175632283091545,-1.8367280114330349,1.0,0.009544596076011658,0.006166202016174793,-0.8549713492393494,0.5302634239196777,-0.010678711347281933,0.029892245307564735
318,19952,-1.550666827112436,35,1,0.4620915651321411,0.03852416202425957,-1.7888127752654257,1.0,0.009524719789624214,0.01121468935161829,-0.7057094573974609,0.5153775215148926,-0.042360819876194,0.029892245307564735
319,19989,-1.6274896930158134,37,1,0.45769280195236206,0.03165016695857048,-1.7951869560815392,1.0,0.00951285008341074,0.007076780311763287,-1.1635364294052124,0.4767018258571625,-0.11121833324432373,0.029892245307564735
320,20025,-1.6765843440592274,36,1,0.4626280963420868,0.03716498613357544,-1.7797098592407998,1.0,0.009487084113061428,0.005778687074780464,-0.7537105083465576,0.4939316213130951,-0.10376673936843872,0.029892245307564735
321,20081,-3.569105936586854,56,1,0.46622371673583984,0.038174960762262344,-1.8528159344084556,1.0,0.009503573179244995,0.0067480639554560184,-0.8255694508552551,0.41375863552093506,-0.1971651017665863,0.029893066734075546
322,20117,-1.8169174052774935,36,1,0.47383973002433777,0.03584101423621178,-1.8411541415192185,1.0,0.009479861706495285,0.008898830972611904,-0.9801031351089478,0.5184372663497925,0.10726380348205566,0.029892245307564735
323,20154,-1.5267825250327576,37,1,0.42202672362327576,0.03413790091872215,-1.8370243595801292,1.0,0.00946397241204977,0.006919962354004383,-1.0898295640945435,0.40577736496925354,0.005687471479177475,0.029892245307564735
324,20193,-2.7773955285549157,39,1,0.5100927948951721,0.033692073076963425,-1.8887499315179888,1.0,0.00940411165356636,0.005370792932808399,-0.8406289219856262,0.5895683765411377,-0.10972577333450317,0.029892245307564735
325,20230,-2.007015002667906,37,1,0.46163085103034973,0.037619490176439285,-1.897341391410679,1.0,0.009368207305669785,0.007010703906416893,-0.7800666093826294,0.4218422770500183,0.17775733768939972,0.029892245307564735
326,20270,-2.759901774227619,40,1,0.5141865611076355,0.03547116369009018,-1.9525596463344992,1.0,0.009382870979607105,0.0066113597713410854,-0.656370997428894,0.571137547492981,-0.16219863295555115,0.029892245307564735
327,20309,-2.541332550197839,39,1,0.5071096420288086,0.03794531151652336,-1.99249086298421,1.0,0.0094104940071702,0.006968681700527668,-1.004186987876892,0.5455967783927917,0.17866165935993195,0.029892245307564735
328,20346,-1.5467935462296012,37,1,0.4299471378326416,0.032768599689006805,-1.9965118851847947,1.0,0.009418821893632412,0.05822764337062836,-1.159017562866211,0.4233476221561432,0.05478322505950928,0.029892245307564735
329,20382,-1.6880064247548576,36,1,0.47038504481315613,0.03482542559504509,-2.007520855855197,1.0,0.009448285214602947,0.006745241582393646,-1.0794944763183594,0.48009490966796875,0.15161103010177612,0.029892245307564735
330,20418,-1.9688055633008466,36,1,0.47923970222473145,0.03532436862587929,-2.033028676755726,1.0,0.00940876267850399,0.00754811055958271,-0.9429448246955872,0.5433263182640076,-0.07422053068876266,0.029892245307564735
331,20456,-2.399453588873148,38,1,0.500006377696991,0.035883765667676926,-2.0780244324579837,1.0,0.009440170601010323,0.017681697383522987,-1.0986731052398682,0.5699671506881714,-0.11199919879436493,0.029892245307564735
332,20494,-2.1879395078122617,38,1,0.48120367527008057,0.03529087081551552,-2.0716707581207157,1.0,0.009426199831068516,0.008440746925771236,-0.8921133279800415,0.5151301622390747,-0.14115887880325317,0.029892245307564735
333,20535,-2.735243335068226,41,1,0.510942816734314,0.036714211106300354,-2.089539557062089,1.0,0.009433816187083721,0.007184479385614395,-0.8554447293281555,0.5679061412811279,-0.15709762275218964,0.029892245307564735
334,20573,-2.021001448035241,38,1,0.46129488945007324,0.036300305277109146,-2.081166764289141,1.0,0.009418638423085213,0.05413659289479256,-1.0012906789779663,0.4438074827194214,-0.16376927495002747,0.029892489314079285
335,20612,-2.5677225753664965,39,1,0.5010151863098145,0.03671928122639656,-2.1264085056856272,1.0,0.0094384104013443,0.006119727157056332,-1.0395785570144653,0.5943352580070496,0.0120336152613163,0.029892245307564735
336,20649,-2.649422506541012,37,1,0.5083981156349182,0.038455307483673096,-2.155746303483844,1.0,0.009479043073952198,0.011618377640843391,-1.3236498832702637,0.5965479612350464,-0.07950375229120255,0.029892245307564735
337,20685,-1.5790238191187367,36,1,0.43808069825172424,0.038614459335803986,-2.1598301950916645,1.0,0.009505326859652996,0.008068224415183067,-0.9217342138290405,0.42608150839805603,-0.09583677351474762,0.029894087463617325
338,20722,-1.7370627579092988,37,1,0.4386852979660034,0.03977276757359505,-2.169149991631508,1.0,0.009505340829491615,0.007120371796190739,-1.2144759893417358,0.4475051462650299,0.06623811274766922,0.029892245307564735
339,20760,-1.9502121090888958,38,1,0.4811440408229828,0.03534245863556862,-2.185286112435162,1.0,0.009519501589238644,0.007067105267196894,-1.1295779943466187,0.48539698123931885,-0.1770874559879303,0.029892245307564735
340,20797,-1.7893756629526614,37,1,0.467546284198761,0.035141412168741226,-2.190925678379833,1.0,0.009545611217617989,0.020511209964752197,-1.1105225086212158,0.47404542565345764,0.1496020257472992,0.029892245307564735
341,20840,-3.3883416998386364,43,1,0.521521806716919,0.03817394748330116,-2.1818874665424226,1.0,0.009539318270981312,0.007822198793292046,-0.8831899166107178,0.5751928091049194,0.17817683517932892,0.029892245307564735
342,20876,-2.1062649267911944,36,1,0.48628735542297363,0.03801581636071205,-2.1963548426181077,1.0,0.009529216215014458,0.0049295066855847836,-0.9403363466262817,0.5624643564224243,0.053872331976890564,0.029892245307564735
343,20913,-1.8191166985034934,37,1,0.47116753458976746,0.03570792078971863,-2.2109715512916446,1.0,0.00954263936728239,0.006307385861873627,-0.6563901901245117,0.43471530079841614,0.1933172047138214,0.029892245307564735
344,20949,-1.644662894010544,36,1,0.46238869428634644,0.03625943139195442,-2.154334919564426,1.0,0.009540855884552002,0.00792577862739563,-0.9179686307907104,0.5003552436828613,-0.09001938253641129,0.029892245307564735
345,20985,-1.7008831560611712,36,1,0.46705546975135803,0.03224918246269226,-2.1390283272340893,1.0,0.009536612778902054,0.008418839424848557,-1.130768060684204,0.521293044090271,-0.06250257045030594,0.029892245307564735
346,21022,-1.911694797873496,37,1,0.4662700295448303,0.03953119367361069,-2.0966179784163828,1.0,0.009524769149720669,0.005286946892738342,-0.7839024662971497,0.42227599024772644,0.18921566009521484,0.029892245307564735
347,21059,-2.722702047675849,37,1,0.5104275345802307,0.03848862275481224,-2.1056864532902835,1.0,0.009542630054056644,0.006327918730676174,-1.0169928073883057,0.5903738737106323,-0.10920391231775284,0.029892245307564735
348,21095,-1.9675253102183348,36,1,0.4825608432292938,0.03405071049928665,-2.12672304148972,1.0,0.009529571048915386,0.005892900750041008,-0.9071183204650879,0.5545920729637146,-0.057023804634809494,0.029892245307564735
349,21135,-3.189135716110468,40,1,0.5312252044677734,0.03941318765282631,-2.2017795060575005,1.0,0.009503936395049095,0.008415929973125458,-1.15635347366333,0.5922104120254517,0.18040311336517334,0.029892245307564735
350,21175,-2.656875581592323,40,1,0.5080425143241882,0.0355675145983696,-2.236183006972075,1.0,0.009478320367634296,0.0060922084376215935,-1.0031921863555908,0.5608100295066833,-0.15929995477199554,0.029892245307564735
351,21214,-2.308161565810445,39,1,0.4940355718135834,0.037067435681819916,-2.2316184058189394,1.0,0.009495859034359455,0.005721725523471832,-1.2256909608840942,0.5148594975471497,-0.18042336404323578,0.029892245307564735
352,21251,-1.6942514644563182,37,1,0.45917782187461853,0.03190195560455322,-2.206934003651142,1.0,0.00947747565805912,0.005989307537674904,-0.9396981000900269,0.48115262389183044,0.1104574203491211,0.029892245307564735
353,21287,-1.9171731016039848,36,1,0.47954046726226807,0.036797069013118744,-2.1660304919779296,1.0,0.009446442127227783,0.005854500457644463,-1.0835764408111572,0.5519402027130127,0.04064268246293068,0.029892245307564735
354,21325,-2.833285164684056,38,1,0.5083634257316589,0.03832147270441055,-2.2066446778103708,1.0,0.009451101534068584,0.007672727573662996,-0.7352036237716675,0.597750186920166,-0.07475288212299347,0.029892245307564735
355,21363,-1.635283723175526,38,1,0.42743876576423645,0.031790591776371,-2.1600227352008226,1.0,0.009455807507038116,0.041046589612960815,-1.1558278799057007,0.42464208602905273,0.023403501138091087,0.029892245307564735
356,21401,-2.6145391394197937,38,1,0.5056285858154297,0.03840993717312813,-2.1582785668447615,1.0,0.009477208368480206,0.005743339192122221,-1.1497761011123657,0.584775447845459,-0.1009497120976448,0.029892245307564735
357,21438,-2.1699554181098932,37,1,0.49029335379600525,0.03436846658587456,-2.1878251467943195,1.0,0.009479500353336334,0.010395530611276627,-1.2492501735687256,0.5551897287368774,0.10236216336488724,0.029892245307564735
358,21476,-1.845033303797245,38,1,0.46606141328811646,0.032775189727544785,-2.1932236740887165,1.0,0.00948884803801775,0.005563815589994192,-0.5493952035903931,0.4566889703273773,-0.16354811191558838,0.029895277693867683
359,21514,-2.0222909501194932,38,1,0.48940229415893555,0.03623510152101517,-2.196827616140246,1.0,0.00948598887771368,0.007902109064161777,-1.2597460746765137,0.5182300806045532,-0.16304482519626617,0.029892245307564735
360,21553,-2.036355460286141,39,1,0.4633941948413849,0.037327807396650314,-2.20917660600692,1.0,0.009484604932367802,0.006956422235816717,-1.0486623048782349,0.44065552949905396,-0.17261119186878204,0.02989225648343563
361,21589,-1.6139640118181697,36,1,0.45829153060913086,0.03171477094292641,-2.1204577216058964,1.0,0.009501403197646141,0.005325539968907833,-0.8827120065689087,0.4982198178768158,-0.07178064435720444,0.029892245307564735
362,21626,-1.8875355914235117,37,1,0.4695218801498413,0.035909611731767654,-2.109521254837513,1.0,0.00948571227490902,0.007948254235088825,-0.9247472286224365,0.4901329576969147,-0.1363787055015564,0.029892245307564735
363,21663,-1.6048491460084913,37,1,0.4488060176372528,0.031768787652254105,-2.0988078772127627,1.0,0.009511752054095268,0.008260463364422321,-0.9408755302429199,0.4297473430633545,0.13432654738426208,0.029892245307564735
364,21699,-1.5501268218457698,36,1,0.4496425986289978,0.03781817853450775,-2.094081073604524,1.0,0.009512890130281448,0.006907279137521982,-0.7281205654144287,0.483894020318985,0.0507226325571537,0.029892245307564735
365,21737,-2.4473467746376985,38,1,0.5116152167320251,0.03630920127034187,-2.1314042545333507,1.0,0.009491006843745708,0.005217996891587973,-1.074188470840454,0.5471141338348389,0.18916545808315277,0.029892245307564735
366,21773,-2.3115851551294337,36,1,0.4955488443374634,0.039647284895181656,-2.151398772396148,1.0,0.009481276385486126,0.00505475141108036,-1.2548891305923462,0.5844056606292725,-0.017449606209993362,0.029892245307564735
367,21810,-1.6606955567002313,37,1,0.43999338150024414,0.03368968889117241,-2.098298447847367,1.0,0.009499522857367992,0.0075308578088879585,-0.7990331649780273,0.4244571924209595,0.10715153068304062,0.029892245307564735
368,21847,-2.2856862981617443,37,1,0.5026880502700806,0.03857816010713577,-2.1142064972445374,1.0,0.009491060860455036,0.004941288381814957,-1.0637667179107666,0.558480978012085,0.1454005241394043,0.029892245307564735
369,21882,-1.5057582584023477,35,1,0.45828115940093994,0.039705876260995865,-2.0300376243591307,1.0,0.009467808529734612,0.005410392768681049,-1.0266737937927246,0.4813346862792969,-0.10637081414461136,0.029892245307564735
370,21919,-2.2941893117129784,37,1,0.49740782380104065,0.03573441132903099,-2.0119033108651636,1.0,0.009490011259913445,0.006202682852745056,-1.190937876701355,0.5633260011672974,-0.11576027423143387,0.029892245307564735
371,21954,-1.7510429435968415,35,1,0.47429484128952026,0.03606368228793144,-1.9840473797544835,1.0,0.009517945349216461,0.005854655988514423,-0.941614031791687,0.5385486483573914,0.05503416433930397,0.029892245307564735
372,21991,-1.7016248928010453,37,1,0.4445761740207672,0.03607754409313202,-1.9844160511717195,1.0,0.009522806853055954,0.005999535322189331,-0.4702978730201721,0.4444943368434906,0.10211537033319473,0.029892245307564735
373,22028,-1.9935423611104515,37,1,0.480834424495697,0.03541737049818039,-1.9882345141470428,1.0,0.009557189419865608,0.006909956224262714,-0.9834035634994507,0.5354135036468506,0.10352214425802231,0.029892245307564735
374,22064,-1.4094633173942563,36,1,0.44293704628944397,0.029350977391004562,-1.917043421782553,1.0,0.009582387283444405,0.006705237552523613,-1.376235008239746,0.4581661820411682,0.07090004533529282,0.029892245307564735
375,22101,-2.4706213554739973,37,1,0.5023356676101685,0.03640931472182274,-1.9588103033974764,1.0,0.009585654363036156,0.0044080764055252075,-0.9874042272567749,0.5798938274383545,0.09777339547872543,0.029892245307564735
376,22138,-2.313443311601878,37,1,0.49609822034835815,0.032525498420000076,-1.9437555120065806,1.0,0.009591895155608654,0.004996476694941521,-1.2873430252075195,0.5706214904785156,-0.09113908559083939,0.029892245307564735
377,22177,-2.186768979579213,39,1,0.4646531045436859,0.03347425162792206,-1.944596190080047,1.0,0.009559158235788345,0.007243020460009575,-0.9497449398040771,0.40647971630096436,-0.19733507931232452,0.02990107052028179
378,22212,-1.5569283120334152,35,1,0.45604294538497925,0.03943534567952156,-1.9301909404918554,1.0,0.009540915489196777,0.0055392589420080185,-1.241801381111145,0.505321204662323,-0.018180303275585175,0.029892245307564735
379,22249,-1.8426239593327045,37,1,0.46207916736602783,0.03926653787493706,-1.9212075909525161,1.0,0.00957405660301447,0.005207091104239225,-1.1085684299468994,0.40929314494132996,0.1863763928413391,0.029892245307564735
380,22285,-1.5146337635815135,36,1,0.43668410181999207,0.03452514484524727,-1.8951215061172846,1.0,0.009547186084091663,0.007335346192121506,-1.1451992988586426,0.4394533634185791,-0.06952100992202759,0.029892245307564735
381,22322,-1.5135384704172585,37,1,0.43308138847351074,0.03651588782668114,-1.890100229047239,1.0,0.009543659165501595,0.009116696193814278,-1.0833306312561035,0.44068610668182373,0.03703561797738075,0.029892245307564735
382,22359,-2.0216077160835253,37,1,0.48504120111465454,0.038627658039331436,-1.8968038352802394,1.0,0.009527098387479782,0.005449973046779633,-1.3834125995635986,0.527825117111206,-0.1348656862974167,0.029892245307564735
383,22396,-1.8258318300545229,37,1,0.47291234135627747,0.0344136543571949,-1.9078529694825412,1.0,0.009531606920063496,0.0051264637149870396,-0.9646959900856018,0.5085440278053284,0.12129656970500946,0.029892245307564735
384,22433,-1.7275017258524876,37,1,0.4491031765937805,0.03911754488945007,-1.9167217146828777,1.0,0.009518585167825222,0.006651771254837513,-1.126870036125183,0.44836634397506714,0.11573079973459244,0.029892245307564735
385,22470,-2.5742001004517077,37,1,0.505699098110199,0.037298426032066345,-1.9230643809735775,1.0,0.009475708939135075,0.0060182674787938595,-1.5084840059280396,0.5984904170036316,0.04954984411597252,0.029892245307564735
386,22506,-2.0118559271097203,36,1,0.48988789319992065,0.03629998862743378,-1.9080779195725917,1.0,0.009459754452109337,0.005867430940270424,-1.476703405380249,0.5406420230865479,0.1307271420955658,0.029892245307564735
387,22542,-2.080129497647282,36,1,0.4901890754699707,0.03967231512069702,-1.9290496166199447,1.0,0.009483817964792252,0.005256216041743755,-1.5265021324157715,0.5535738468170166,0.10571278631687164,0.029892245307564735
388,22578,-1.693413189798597,36,1,0.4759545624256134,0.03543563932180405,-1.8994359612017875,1.0,0.009519129991531372,0.004449974279850721,-1.3564527034759521,0.517641544342041,0.11768604069948196,0.029892245307564735
389,22614,-1.8640010295808294,36,1,0.4748324155807495,0.03448368236422539,-1.917348099760711,1.0,0.009516561403870583,0.005161082372069359,-1.1500149965286255,0.5396829843521118,0.054885827004909515,0.029892245307564735
390,22651,-1.9180141060054297,37,1,0.4753636419773102,0.03902987018227577,-1.8985393394753338,1.0,0.009542133659124374,0.027518153190612793,-0.9557439684867859,0.47326740622520447,0.17323723435401917,0.029892245307564735
391,22688,-1.781668435484173,37,1,0.43440425395965576,0.03924843296408653,-1.9000706140697001,1.0,0.009542125277221203,0.003910898696631193,-1.1662216186523438,0.41096925735473633,-0.09636321663856506,0.02989530935883522
392,22724,-1.4771891020238384,36,1,0.4472743570804596,0.03428635373711586,-1.88884882453084,1.0,0.009561915881931782,0.004595027305185795,-1.2071113586425781,0.46307191252708435,0.08591209352016449,0.029892245307564735
393,22762,-2.3882732686400407,38,1,0.5020673274993896,0.034243497997522354,-1.9085853699073194,1.0,0.009587999433279037,0.005343814846128225,-1.2664391994476318,0.5715611577033997,0.11733805388212204,0.029892245307564735
394,22800,-2.066897161751986,38,1,0.4545007348060608,0.03891102597117424,-1.941457062125206,1.0,0.009597216732800007,0.0041969576850533485,-1.0364093780517578,0.41373980045318604,0.16389203071594238,0.029892245307564735
395,22836,-1.8012561860680592,36,1,0.47058555483818054,0.035292889922857285,-1.9079888036549089,1.0,0.00959792546927929,0.007337795104831457,-1.1555657386779785,0.5185670256614685,0.09152763336896896,0.029892245307564735
396,22871,-1.4401076216995747,35,1,0.44760748744010925,0.03916240856051445,-1.864322019159794,1.0,0.009589576162397861,0.02893974259495735,-1.4233982563018799,0.48376262187957764,0.02816431038081646,0.029892245307564735
397,22907,-1.4996969379484675,36,1,0.4553717374801636,0.03239613398909569,-1.8299684170782562,1.0,0.009607207030057907,0.030003655701875687,-1.0811982154846191,0.4791102409362793,0.09709320962429047,0.029892245307564735
398,22943,-1.5673906302452085,36,1,0.44557255506515503,0.038243215531110764,-1.8304915329888463,1.0,0.009564629755914211,0.005362325347959995,-1.0761606693267822,0.46684056520462036,0.0683448314666748,0.029892245307564735
399,22979,-1.341982621401547,36,1,0.4356878101825714,0.03481201454997063,-1.805459466092288,1.0,0.009600781835615635,0.005089969374239445,-1.1912455558776855,0.44580990076065063,0.047328487038612366,0.029892245307564735
400,23014,-1.4398737533390538,35,1,0.4499354362487793,0.036116283386945724,-1.8017214655801652,1.0,0.00962123554199934,0.003674592124298215,-0.9716528058052063,0.49137425422668457,-0.01158064417541027,0.029892245307564735
401,23050,-1.4040206269919882,36,1,0.4349774122238159,0.03408138453960419,-1.7962455734089016,1.0,0.009595802053809166,0.0053257448598742485,-0.8493199944496155,0.4474141299724579,-0.0342576764523983,0.029892245307564735
402,23086,-1.4712080109119405,36,1,0.4496482014656067,0.034126486629247665,-1.7687255881503225,1.0,0.009616410359740257,0.005020087584853172,-1.4029529094696045,0.4705451726913452,-0.08439057320356369,0.029892245307564735
403,23122,-1.429057427793742,36,1,0.4496806263923645,0.03381530940532684,-1.7488868680372835,1.0,0.009624391794204712,0.005446230061352253,-1.0435189008712769,0.4875257909297943,0.03618098050355911,0.029892245307564735
404,23158,-1.5345982286334028,36,1,0.46331989765167236,0.032278966158628464,-1.7392416931763293,1.0,0.00957828015089035,0.004468831233680248,-1.253190040588379,0.4975547194480896,-0.10020256787538528,0.029892245307564735
405,23194,-2.282881466299294,36,1,0.49086153507232666,0.03920099139213562,-1.7246757614687087,1.0,0.009594484232366085,0.004054411314427853,-1.1212908029556274,0.5764992237091064,-0.0021567782387137413,0.029892245307564735
406,23231,-1.8307487989962095,37,1,0.4723615050315857,0.03997120261192322,-1.7156204050630328,1.0,0.009618615731596947,0.00668599596247077,-1.1630795001983643,0.462679922580719,-0.1748545914888382,0.029892245307564735
407,23269,-2.723049068748951,38,1,0.524643063545227,0.03696708753705025,-1.7477663836181165,1.0,0.009640532545745373,0.004229180049151182,-1.3047258853912354,0.5727210640907288,0.19060948491096497,0.029892245307564735
408,23305,-1.3805307608097799,36,1,0.43651703000068665,0.030482834205031395,-1.7321222621686758,1.0,0.009646601974964142,0.007159204687923193,-1.306520700454712,0.4447699189186096,0.05701610445976257,0.029892245307564735
409,23342,-2.1975964717566967,37,1,0.4956108033657074,0.035470299422740936,-1.7488020342774688,1.0,0.00964444037526846,0.005433791317045689,-1.494225263595581,0.5525647401809692,0.1304474025964737,0.029892245307564735
410,23378,-2.1732838821411153,36,1,0.4906696081161499,0.03720798343420029,-1.761565523084253,1.0,0.00966392271220684,0.006101434119045734,-1.1743664741516113,0.568080484867096,-0.06544270366430283,0.029892245307564735
411,23413,-1.443416309058664,35,1,0.44986453652381897,0.03780529648065567,-1.744652916762978,1.0,0.0096385283395648,0.004793579690158367,-1.2566967010498047,0.49106475710868835,-0.013577315025031567,0.029892245307564735
412,23450,-1.6399574837088604,37,1,0.44307902455329895,0.03709933161735535,-1.752791335847229,1.0,0.00962202437222004,0.006892003118991852,-1.3215365409851074,0.43014422059059143,0.11330589652061462,0.029892245307564735
413,23487,-1.5440055350214257,37,1,0.4304072856903076,0.029715297743678093,-1.7105779491662982,1.0,0.00960810948163271,0.007463177666068077,-1.4944419860839844,0.41525009274482727,0.07221818715333939,0.029892245307564735
414,23524,-1.6417707665264611,37,1,0.4434375464916229,0.03241291269659996,-1.6893216294050224,1.0,0.009608224034309387,0.003767502959817648,-1.0702641010284424,0.4424210786819458,-0.09860577434301376,0.02989424206316471
415,23561,-2.2742428787052633,37,1,0.49248889088630676,0.034616731107234955,-1.7129709640368826,1.0,0.009590971283614635,0.007096205838024616,-1.2379562854766846,0.5743452906608582,-0.05254649370908737,0.029892245307564735
416,23596,-1.232765422984957,35,1,0.4422193169593811,0.03087528608739376,-1.7026038541011517,1.0,0.009582090191543102,0.004293486010283232,-1.2174841165542603,0.4710175693035126,-0.018479123711586,0.029892245307564735
417,23635,-2.8768221768736844,39,1,0.5243487358093262,0.03868822008371353,-1.7714601160474124,1.0,0.009577106684446335,0.004958771169185638,-1.109460711479187,0.5886043310165405,0.16531938314437866,0.029892245307564735
418,23671,-1.4506153886020217,36,1,0.4437499940395355,0.03563173860311508,-1.765621353965253,1.0,0.009559810161590576,0.005272733513265848,-1.2990336418151855,0.4546566307544708,-0.08243925124406815,0.029892245307564735
419,23707,-1.407367837727068,36,1,0.4422576129436493,0.033790964633226395,-1.768890614781529,1.0,0.009568533860147,0.005401200614869595,-1.548231601715088,0.46841850876808167,-0.034943751990795135,0.029892245307564735
420,23744,-1.6304542154073696,37,1,0.45625466108322144,0.03501271829009056,-1.7784196378849444,1.0,0.009608453139662743,0.004825216718018055,-1.0979206562042236,0.4151355028152466,0.16780388355255127,0.029892245307564735
421,23780,-1.5059044902026653,36,1,0.45383545756340027,0.03608306497335434,-1.7835138310454788,1.0,0.009561031125485897,0.003841606667265296,-1.504931926727295,0.4561171233654022,-0.12524525821208954,0.02989557944238186
422,23816,-1.5243936716020112,36,1,0.4517349898815155,0.0375022292137146,-1.7861731140799821,1.0,0.00955645926296711,0.0045888531021773815,-1.3785951137542725,0.49288925528526306,0.03458098694682121,0.029892245307564735
423,23853,-1.934583587348464,37,1,0.4710697531700134,0.0374300517141819,-1.8114494220577182,1.0,0.009530439041554928,0.006446175742894411,-1.373356819152832,0.501852810382843,-0.12500236928462982,0.029892245307564735
424,23889,-1.5543658462166787,36,1,0.44849005341529846,0.039099011570215225,-1.812437802936882,1.0,0.009524546563625336,0.0043230801820755005,-1.4901273250579834,0.4513239562511444,0.1095375046133995,0.029892245307564735
425,23926,-1.6003488875925544,37,1,0.42783552408218384,0.036849845200777054,-1.778311174001545,1.0,0.00951437372714281,0.004972942639142275,-1.4164875745773315,0.41251838207244873,0.059934377670288086,0.029892245307564735
426,23962,-1.7173985032737251,36,1,0.47568798065185547,0.03881346061825752,-1.7726436592154209,1.0,0.009501493535935879,0.00448428001254797,-1.4578793048858643,0.4516254961490631,-0.19404977560043335,0.029895378276705742
427,23997,-1.2803628949820993,35,1,0.43703582882881165,0.033764611929655075,-1.7005093505270785,1.0,0.009461332112550735,0.004685551859438419,-1.2311508655548096,0.4575066566467285,-0.005730743985623121,0.029892245307564735
428,24034,-1.6013921035826204,37,1,0.4530804455280304,0.03630390390753746,-1.7115524176657204,1.0,0.009482077322900295,0.005436227656900883,-1.1371914148330688,0.4351724684238434,0.14330947399139404,0.029892245307564735
429,24073,-2.918159469664098,39,1,0.5205680727958679,0.038649145513772964,-1.7475805675610903,1.0,0.009455924853682518,0.003926970064640045,-1.2821786403656006,0.5922534465789795,0.14598502218723297,0.029892245307564735
430,24108,-1.3839766724407667,35,1,0.4409487247467041,0.037658143788576126,-1.7081152070760726,1.0,0.009485477581620216,0.005067222751677036,-1.4095455408096313,0.4585065543651581,-0.05627027153968811,0.029892245307564735
431,24143,-1.7018137253820917,35,1,0.47063273191452026,0.03356613218784332,-1.7210350778922439,1.0,0.009495134465396404,0.004924324806779623,-1.430699348449707,0.5315812826156616,-0.05240320414304733,0.029892245307564735
432,24179,-1.9649840374290939,36,1,0.4936748147010803,0.03353795036673546,-1.7372864055782558,1.0,0.009486793540418148,0.004065022803843021,-1.4197211265563965,0.5447906851768494,0.13732653856277466,0.029892245307564735
433,24217,-2.6250817248225227,38,1,0.508406400680542,0.039828989654779434,-1.7913402150683109,1.0,0.009472035802900791,0.008064556866884232,-1.614682912826538,0.5824689269065857,-0.11951398104429245,0.029892245307564735
434,24253,-1.3908631630241874,36,1,0.43893828988075256,0.03186453506350517,-1.778794834893197,1.0,0.009459970518946648,0.005900507792830467,-1.4083880186080933,0.46185430884361267,-0.019285056740045547,0.029892245307564735
435,24290,-1.5769192841649051,37,1,0.42352643609046936,0.033174801617860794,-1.7439286551661795,1.0,0.009425565600395203,0.0038101905956864357,-1.308354139328003,0.4120030999183655,0.00565406633540988,0.029892245307564735
436,24326,-1.3114337384700772,36,1,0.42847418785095215,0.033279821276664734,-1.7478620709404349,1.0,0.009418659843504429,0.004558081738650799,-1.3657563924789429,0.4303330183029175,-0.007924651727080345,0.029892245307564735
437,24366,-3.0062055829167376,40,1,0.529250979423523,0.03652340918779373,-1.7543312412425878,1.0,0.009452530182898045,0.0033092964440584183,-1.186735987663269,0.5930536985397339,0.17311826348304749,0.029892245307564735
438,24406,-2.8920693273842337,40,1,0.5130312442779541,0.03871734440326691,-1.826403938181698,1.0,0.009498548693954945,0.004204201977699995,-1.2918572425842285,0.5656242370605469,-0.16734275221824646,0.029892245307564735
439,24443,-2.490520488321782,37,1,0.503453254699707,0.03323039039969444,-1.8805615707114343,1.0,0.009536821395158768,0.010647714138031006,-1.2318460941314697,0.5857277512550354,-0.08640505373477936,0.029892245307564735
440,24480,-2.6293532295525077,37,1,0.5033686757087708,0.035855527967214584,-1.9305065214186912,1.0,0.009570030495524406,0.004914787597954273,-1.4901753664016724,0.5895952582359314,-0.07217928767204285,0.029892245307564735
441,24517,-1.7234752699732772,37,1,0.4368268549442291,0.0343288853764534,-1.9413850604072216,1.0,0.009581358171999454,0.003534936113283038,-1.3017289638519287,0.40910905599594116,-0.10649567097425461,0.029895136132836342
442,24554,-1.8778910936415203,37,1,0.49132993817329407,0.03237447142601013,-1.9590599315091974,1.0,0.009603587910532951,0.004087971057742834,-1.570969820022583,0.49060553312301636,0.1984444111585617,0.029892245307564735
443,24590,-2.006858151853084,36,1,0.4916757047176361,0.03683433309197426,-1.9626736597344283,1.0,0.00962064415216446,0.007881378754973412,-1.3147614002227783,0.5223556756973267,0.1644817739725113,0.029892245307564735
444,24626,-1.8582963146269353,36,1,0.4753192663192749,0.03938545659184456,-1.9778701831549408,1.0,0.00959339551627636,0.004622259642928839,-1.5615190267562866,0.5085164904594421,-0.13040810823440552,0.029892245307564735
445,24667,-3.318900099098683,41,1,0.5355710387229919,0.03722640126943588,-2.0637977437302473,1.0,0.009568247012794018,0.004125494509935379,-1.6463780403137207,0.5954234004020691,-0.18798522651195526,0.029892245307564735
446,24703,-1.8001284943521023,36,1,0.4683918356895447,0.033624205738306046,-2.0679342432841663,1.0,0.009549540467560291,0.0033134620171040297,-1.1076977252960205,0.5098266005516052,0.09969498217105865,0.029892245307564735
447,24740,-1.6788007728755483,37,1,0.44474124908447266,0.03702477738261223,-2.0878561371788384,1.0,0.009535352699458599,0.003775015939027071,-1.0455548763275146,0.4236161410808563,0.12601150572299957,0.029892245307564735
448,24776,-1.6062016302347173,36,1,0.45569461584091187,0.03211626410484314,-2.0880966135114436,1.0,0.009513833560049534,0.0032459627836942673,-1.2461491823196411,0.48366791009902954,-0.09017668664455414,0.029892245307564735
449,24813,-1.7861088374257088,37,1,0.46598944067955017,0.02946445345878601,-2.0314940818995235,1.0,0.009502037428319454,0.0030494409147650003,-1.3871854543685913,0.4726842939853668,0.14621980488300323,0.029892245307564735
450,24848,-1.9555521504580975,35,1,0.4827878773212433,0.03667691349983215,-2.0600728558003905,1.0,0.00950533151626587,0.003914130385965109,-1.2648531198501587,0.5505328178405762,-0.0739210769534111,0.029892245307564735
451,24884,-1.5274009652435785,36,1,0.45206418633461,0.0383995957672596,-2.0513522177934647,1.0,0.009484889917075634,0.003918547183275223,-1.0499231815338135,0.44976815581321716,0.12515495717525482,0.029892245307564735
452,24920,-1.9638469588756582,36,1,0.477434366941452,0.032065022736787796,-2.051295363865793,1.0,0.009486685506999493,0.004031850956380367,-1.1895856857299805,0.5506733059883118,-0.015978580340743065,0.029892245307564735
453,24957,-2.4622165448963615,37,1,0.5027028322219849,0.034045204520225525,-2.043152104869485,1.0,0.009428774937987328,0.003518213052302599,-1.4207782745361328,0.596823513507843,0.02006814256310463,0.029892245307564735
454,24994,-1.597923943549393,37,1,0.4323778748512268,0.031333744525909424,-2.0535051438957455,1.0,0.009406909346580505,0.005771555006504059,-1.0389577150344849,0.4176906645298004,-0.07988385111093521,0.029892245307564735
455,25031,-1.7620565548539195,37,1,0.4278833568096161,0.03728660196065903,-2.062762007430196,1.0,0.009408358484506607,0.002946143504232168,-1.6153613328933716,0.41503942012786865,0.055630531162023544,0.029892245307564735
456,25067,-2.1755537721514706,36,1,0.48076826333999634,0.03996880352497101,-2.105968009114266,1.0,0.009378782473504543,0.010300925001502037,-1.3898975849151611,0.5444862246513367,-0.08016601204872131,0.029892245307564735
457,25103,-1.4432870810478944,36,1,0.4445648193359375,0.03083866648375988,-2.027822084020823,1.0,0.009357822127640247,0.003844246733933687,-1.390761375427246,0.47716739773750305,-0.019143613055348396,0.029892245307564735
458,25138,-1.6081773847341552,35,1,0.4651286005973816,0.036144424229860306,-1.96362748688832,1.0,0.009324687533080578,0.0038443340454250574,-1.1507551670074463,0.5231531858444214,-0.03619072958827019,0.029892245307564735
459,25176,-2.579580827653407,38,1,0.5036541223526001,0.03384286165237427,-1.9680805038549007,1.0,0.009318007156252861,0.0044172098860144615,-1.4187034368515015,0.593238890171051,0.058522552251815796,0.029892245307564735
460,25212,-1.6151843386888514,36,1,0.44909223914146423,0.03496066853404045,-1.917372059311718,1.0,0.009323352947831154,0.003976075444370508,-1.4149963855743408,0.45368197560310364,-0.11053559929132462,0.029894858598709106
461,25248,-1.4908372689783596,36,1,0.4520673155784607,0.03424462676048279,-1.9057401592619723,1.0,0.009355105459690094,0.002966874046251178,-1.5838106870651245,0.44859281182289124,-0.12951378524303436,0.02989305928349495
462,25287,-1.822815318852662,39,1,0.44069576263427734,0.03507091850042343,-1.9029863705225292,1.0,0.009363438002765179,0.0032850573770701885,-1.442650318145752,0.4038064777851105,0.12854541838169098,0.029892245307564735
463,25327,-3.2538003417849533,40,1,0.5352593064308167,0.038185637444257736,-1.965333480019123,1.0,0.009357113391160965,0.0035308310762047768,-1.389883041381836,0.597091794013977,-0.18449793756008148,0.029892245307564735
464,25363,-1.4556051638722431,36,1,0.44467753171920776,0.0341997854411602,-1.9451989224813881,1.0,0.009341959841549397,0.0028749918565154076,-1.4685946702957153,0.47532328963279724,-0.033027902245521545,0.029892245307564735
465,25400,-1.8043306782841704,37,1,0.4677574634552002,0.030663304030895233,-1.8694704514406624,1.0,0.009341585449874401,0.0039050704799592495,-1.3686959743499756,0.42472073435783386,-0.19476650655269623,0.02990245632827282
466,25435,-1.9035291314125065,35,1,0.4835880398750305,0.03857100382447243,-1.874640483293683,1.0,0.009308654814958572,0.004504194483160973,-1.3394229412078857,0.5428922772407532,-0.09950041025876999,0.029892245307564735
467,25472,-1.6460443553328519,37,1,0.4557145833969116,0.03787456825375557,-1.8730026624165483,1.0,0.009303533472120762,0.004507159348577261,-1.3787288665771484,0.45100435614585876,0.13646629452705383,0.029892245307564735
468,25507,-1.4625872816145433,35,1,0.4394000172615051,0.039151713252067566,-1.8658219449855395,1.0,0.00927231926470995,0.00565393827855587,-1.1715314388275146,0.45425400137901306,-0.05543709546327591,0.029892245307564735
469,25546,-2.283811446726321,39,1,0.501207709312439,0.03590625151991844,-1.89070707545057,1.0,0.009247376583516598,0.003596448339521885,-1.5578739643096924,0.5197089314460754,-0.19403932988643646,0.029892245307564735
470,25583,-1.7906190061569198,37,1,0.47244104743003845,0.03387879952788353,-1.882460418235511,1.0,0.009252969175577164,0.0028062216006219387,-1.4535045623779297,0.44802141189575195,-0.189237579703331,0.02989480458199978
471,25619,-1.9161344572901733,36,1,0.49605387449264526,0.034329142421483994,-1.90189709283784,1.0,0.00925418734550476,0.003179116640239954,-1.2670931816101074,0.5016484260559082,0.19966958463191986,0.029892245307564735
472,25655,-1.5225679628550983,36,1,0.4507056474685669,0.036153607070446014,-1.8798331430368127,1.0,0.009262212552130222,0.0030424052383750677,-1.5756497383117676,0.44075655937194824,-0.13413062691688538,0.02989225648343563
473,25691,-1.4026256315410128,36,1,0.4302685260772705,0.036101967096328735,-1.8268535973690454,1.0,0.009265693835914135,0.002966037020087242,-1.866600513458252,0.42843881249427795,0.045467156916856766,0.029892245307564735
474,25726,-1.3879172602295897,35,1,0.4534655213356018,0.03356098756194115,-1.8163532632030552,1.0,0.00928650051355362,0.0030104354955255985,-1.3574910163879395,0.5001769065856934,-0.00034129605046473444,0.029892245307564735
475,25762,-1.7016435545682898,36,1,0.46666377782821655,0.033547304570674896,-1.813332613188774,1.0,0.00928121991455555,0.003944064490497112,-1.6656614542007446,0.5002796649932861,-0.11002042144536972,0.029892245307564735
476,25797,-1.3284898565709593,35,1,0.4359000325202942,0.0358734130859375,-1.7709794174097486,1.0,0.009257395751774311,0.0037793396040797234,-1.291961431503296,0.45278292894363403,-0.020994454622268677,0.029892245307564735
477,25835,-2.851419818997381,38,1,0.5195643901824951,0.0380067452788353,-1.8413860543072225,1.0,0.009229987859725952,0.004679814446717501,-1.378232717514038,0.5958139896392822,0.1349955052137375,0.029892245307564735
478,25871,-1.6469987575709837,36,1,0.4648807942867279,0.038342930376529694,-1.8433271229490635,1.0,0.009193683974444866,0.005430473946034908,-1.2936301231384277,0.4794546067714691,-0.13438449800014496,0.029892245307564735
479,25909,-1.8794401277601729,38,1,0.47808602452278137,0.03632946312427521,-1.8083200879544024,1.0,0.009204566478729248,0.00366186979226768,-1.3560547828674316,0.4825851619243622,-0.17152796685695648,0.029892245307564735
480,25947,-2.027650421261784,38,1,0.4939253628253937,0.03507433086633682,-1.828943392083049,1.0,0.009196915663778782,0.0031951400451362133,-1.2110549211502075,0.5030897855758667,-0.19286684691905975,0.029892245307564735
481,25986,-2.2374957808852205,39,1,0.4975511133670807,0.037307605147361755,-1.8662763176783916,1.0,0.009185735136270523,0.0030120762530714273,-1.301900863647461,0.5289395451545715,-0.17316901683807373,0.029892245307564735
482,26022,-1.9163450340926644,36,1,0.48341071605682373,0.03671720623970032,-1.870952803440392,1.0,0.009185072965919971,0.0029768384993076324,-1.3758395910263062,0.5402151346206665,0.1048075333237648,0.029892245307564735
483,26058,-2.318913084268571,36,1,0.493055135011673,0.03816936910152435,-1.8242084405645727,1.0,0.009156793355941772,0.0034427335485816,-1.5063984394073486,0.5754154920578003,-0.05240107700228691,0.029892245307564735
484,26100,-3.324286470860243,42,1,0.5314820408821106,0.03326834738254547,-1.9176425059139732,1.0,0.009153248742222786,0.003918969072401524,-1.6525249481201172,0.5935885906219482,-0.17896991968154907,0.029892245307564735
485,26136,-1.9896080319583422,36,1,0.48256146907806396,0.03162052854895592,-1.9269063735976815,1.0,0.009137793444097042,0.0026180893182754517,-1.5175271034240723,0.5525583028793335,-0.06523174047470093,0.029892245307564735
486,26174,-1.7268220727145698,38,1,0.43392908573150635,0.03571859747171402,-1.9180710206627847,1.0,0.009114881046116352,0.003996610641479492,-1.4167437553405762,0.4016154706478119,0.10499969869852066,0.029892245307564735
487,26212,-1.9015274573862548,38,1,0.46660205721855164,0.03794330731034279,-1.9308451757654546,1.0,0.009139252826571465,0.004248909652233124,-1.4258668422698975,0.40512025356292725,0.1994306892156601,0.029892245307564735
488,26248,-1.8609551367163686,36,1,0.4890780448913574,0.034143537282943726,-1.9507635685205458,1.0,0.00911864172667265,0.0031303579453378916,-1.2456588745117188,0.5251429677009583,0.15263812243938446,0.029892245307564735
489,26283,-1.4228376781940462,35,1,0.45426836609840393,0.03546219691634178,-1.9077148800939319,1.0,0.009095648303627968,0.0027412748895585537,-1.5169174671173096,0.4970077872276306,0.04408060014247894,0.029892245307564735
490,26319,-1.6158920495212081,36,1,0.46393242478370667,0.03269989788532257,-1.8989785322621464,1.0,0.009084819816052914,0.0020906340796500444,-1.414306640625,0.4952954649925232,-0.10707174986600876,0.029892245307564735
491,26355,-1.9529679042100918,36,1,0.48537519574165344,0.03583315759897232,-1.9008202046081426,1.0,0.009093167260289192,0.003255754243582487,-1.2911758422851562,0.5446022152900696,0.10403098165988922,0.029892245307564735
492,26392,-2.3684741817414743,37,1,0.49578505754470825,0.03585834801197052,-1.9431155155524613,1.0,0.009061876684427261,0.003427350427955389,-1.605956792831421,0.5755435228347778,-0.07332530617713928,0.029892245307564735
493,26428,-1.4147942070662962,36,1,0.430410236120224,0.03610549494624138,-1.9437239443287253,1.0,0.009059383533895016,0.003434438956901431,-1.6740745306015015,0.4323563575744629,-0.03496476635336876,0.029892245307564735
494,26464,-1.5381297591328593,36,1,0.44960978627204895,0.03608103096485138,-1.951234569273889,1.0,0.009050048887729645,0.0027170665562152863,-1.499436855316162,0.4670564532279968,0.09064232558012009,0.029892245307564735
495,26501,-2.03697907283902,37,1,0.48074713349342346,0.030763767659664154,-1.9680013451874252,1.0,0.009072979912161827,0.0028166291303932667,-1.4016363620758057,0.5435068011283875,-0.08288826793432236,0.029892245307564735
496,26536,-1.6348937886953356,35,1,0.4665620028972626,0.03888092190027237,-1.983321541793644,1.0,0.00908246822655201,0.004416095092892647,-1.3411623239517212,0.5194442868232727,0.06507472693920135,0.029892245307564735
497,26572,-1.891732770204544,36,1,0.47573864459991455,0.0338260792195797,-1.9353371893540021,1.0,0.009071076288819313,0.0038225408643484116,-1.4006080627441406,0.5379677414894104,-0.06833070516586304,0.029892245307564735
498,26608,-1.6727353517711165,36,1,0.4308658242225647,0.03881227597594261,-1.9366240190640092,1.0,0.00905554462224245,0.0031384946778416634,-1.1076269149780273,0.41495180130004883,-0.07533178478479385,0.029892245307564735
499,26645,-1.6973410277068606,37,1,0.42967966198921204,0.03604528307914734,-1.9275190640613435,1.0,0.00906898733228445,0.0034991316497325897,-1.4436720609664917,0.40172678232192993,-0.08563902974128723,0.029892245307564735
500,26682,-2.5808889009058467,37,1,0.5248773694038391,0.0387747585773468,-1.9551809880435467,1.0,0.0090867904946208,0.0029703080654144287,-1.8624281883239746,0.575132429599762,0.1878579556941986,0.029892245307564735
501,26719,-2.400794561505319,37,1,0.4959982633590698,0.0370701439678669,-1.963345927074552,1.0,0.00910800788551569,0.0028264839202165604,-1.4309742450714111,0.5601785778999329,-0.11663473397493362,0.029892245307564735
502,26755,-2.2173448139429093,36,1,0.49540185928344727,0.03902599215507507,-1.978395916067064,1.0,0.009099911898374557,0.003326009726151824,-1.279702067375183,0.5545235276222229,0.1258716732263565,0.029892245307564735
503,26791,-1.6009542103111754,36,1,0.4610711336135864,0.03474577143788338,-1.942497972369194,1.0,0.009117180481553078,0.0025832890532910824,-1.6196736097335815,0.48910412192344666,-0.10540726780891418,0.029892245307564735
504,26828,-2.2134581364691233,37,1,0.4827615022659302,0.034695520997047424,-1.886956555649638,1.0,0.009079051204025745,0.0031694485805928707,-1.0774455070495605,0.5447418689727783,-0.09069546312093735,0.029892245307564735
505,26863,-1.8604716724157342,35,1,0.47997617721557617,0.03349830210208893,-1.8804997376725072,1.0,0.009067093022167683,0.0025878031738102436,-1.5046368837356567,0.5554786324501038,0.018003225326538086,0.029892245307564735
506,26900,-1.693732857555152,37,1,0.44078871607780457,0.03204246610403061,-1.878845276914537,1.0,0.009031640365719795,0.002802106784656644,-1.401847243309021,0.42056968808174133,-0.11046609282493591,0.02989225648343563
507,26937,-1.6678390347957608,37,1,0.4702138900756836,0.034884970635175705,-1.8671608557850121,1.0,0.009052539244294167,0.002935449592769146,-1.5114960670471191,0.461433082818985,0.1701071560382843,0.029892245307564735
508,26973,-1.5204597166180625,36,1,0.4506949782371521,0.03153281658887863,-1.8501360847800972,1.0,0.009047114290297031,0.002031636191532016,-1.4995510578155518,0.4839104413986206,0.05928291752934456,0.029892245307564735
509,27010,-2.5739828550815576,37,1,0.5177405476570129,0.03979260474443436,-1.9076933436244725,1.0,0.009047959931194782,0.004987883381545544,-1.3883087635040283,0.5683504343032837,0.17731429636478424,0.029892245307564735
510,27047,-2.250417171567677,37,1,0.48953840136528015,0.03261830657720566,-1.939419599726796,1.0,0.00907977856695652,0.0035244522150605917,-1.3017942905426025,0.5656394362449646,0.0666518434882164,0.029892245307564735
511,27083,-2.213327090591193,36,1,0.4923741817474365,0.037441082298755646,-1.9524375590458507,1.0,0.009058295749127865,0.0029938153456896544,-1.334437370300293,0.570141077041626,0.06984467804431915,0.029892245307564735
512,27118,-1.5775715698301802,35,1,0.47249314188957214,0.03577035665512085,-1.9128924284502866,1.0,0.009089230559766293,0.002797633409500122,-1.3391566276550293,0.5163254141807556,0.10544998943805695,0.029892245307564735
513,27160,-3.3575387547910225,42,1,0.5259585380554199,0.039552267640829086,-2.0100296558365223,1.0,0.009081147611141205,0.0034416071139276028,-1.7643998861312866,0.5927721858024597,-0.16326875984668732,0.029892245307564735
514,27198,-2.29714550822973,38,1,0.4976336658000946,0.03934577479958534,-2.047980443291366,1.0,0.009067725390195847,0.003090494079515338,-1.6343708038330078,0.548373281955719,-0.14514309167861938,0.029892245307564735
515,27233,-2.0702290567755695,35,1,0.48165276646614075,0.03954373672604561,-2.0496429424881937,1.0,0.009065160527825356,0.002846876857802272,-1.856170654296875,0.5521800518035889,-0.05970437452197075,0.029892245307564735
516,27269,-2.3059726680815213,36,1,0.4960738718509674,0.03314808011054993,-2.083196886457503,1.0,0.009085382334887981,0.0027466577012091875,-1.3984031677246094,0.5853019952774048,-0.018085038289427757,0.029892245307564735
517,27306,-1.8177976584434505,37,1,0.4621599316596985,0.03985067456960678,-2.079500130869448,1.0,0.00908465962857008,0.002827117219567299,-1.3250505924224854,0.42309582233428955,0.178317129611969,0.029892245307564735
518,27342,-2.3289658193290235,36,1,0.4990597069263458,0.0315525196492672,-2.1123116542473435,1.0,0.009086262434720993,0.0027925046160817146,-1.5718762874603271,0.5870293378829956,-0.0483115017414093,0.029892245307564735
519,27377,-1.3419403664767762,35,1,0.4432866871356964,0.034208595752716064,-2.094541621185839,1.0,0.009089312516152859,0.0026503666304051876,-1.4501960277557373,0.4730370044708252,-0.024903368204832077,0.029892245307564735
520,27413,-1.7594634623825547,36,1,0.4381333589553833,0.03971723094582558,-2.0534703492596744,1.0,0.009097469039261341,0.0027093382086604834,-1.4146729707717896,0.41921353340148926,-0.10265100002288818,0.029892321676015854
521,27450,-1.6907368692755682,37,1,0.4487079977989197,0.03533152490854263,-2.0179674646481867,1.0,0.009086020290851593,0.0023961777333170176,-1.526817798614502,0.4633308947086334,-0.09265261888504028,0.029892245307564735
522,27486,-1.5601870623230925,36,1,0.45436006784439087,0.038901615887880325,-1.9851095770671965,1.0,0.009065160527825356,0.002859677653759718,-1.8168559074401855,0.4575589597225189,-0.12506075203418732,0.029892954975366592
523,27521,-1.926315302103757,35,1,0.48000815510749817,0.036534156650304794,-2.0013776316568253,1.0,0.009099911898374557,0.002642335370182991,-1.7038419246673584,0.5555216073989868,0.018260296434164047,0.029892245307564735
524,27559,-1.87911532625556,38,1,0.46042320132255554,0.03843468427658081,-1.9846604911461472,1.0,0.009099855087697506,0.0021860781125724316,-1.6065670251846313,0.4745936393737793,-0.12484930455684662,0.029892245307564735
525,27597,-2.644768226891756,38,1,0.5130306482315063,0.036001402884721756,-2.0238753188699485,1.0,0.009104013442993164,0.002727266401052475,-1.2878985404968262,0.5827602744102478,0.1372821033000946,0.029892245307564735
526,27632,-1.6736748784780495,35,1,0.4761247932910919,0.037959858775138855,-2.022872419916093,1.0,0.009079713374376297,0.0038485792465507984,-1.6828421354293823,0.5260411500930786,0.10199625045061111,0.029892245307564735
527,27669,-1.8251169469952577,37,1,0.43453508615493774,0.03376660868525505,-2.0307363155260685,1.0,0.009070371277630329,0.0020469354931265116,-1.577077865600586,0.40230444073677063,-0.10376457870006561,0.029892975464463234
528,27705,-2.1297439447045337,36,1,0.4891851842403412,0.03171945735812187,-2.0612005269303912,1.0,0.009049557149410248,0.0035135161597281694,-1.6302118301391602,0.5725319981575012,0.022004127502441406,0.029892245307564735
529,27742,-2.4637949610361867,37,1,0.5028753876686096,0.03322048485279083,-2.055691132228123,1.0,0.00900548230856657,0.0030869885813444853,-1.400376796722412,0.5832917094230652,-0.09075356274843216,0.029892245307564735
530,27779,-1.7416111503541458,37,1,0.4584456980228424,0.03523329272866249,-2.0302508311674465,1.0,0.008999467827379704,0.0052475337870419025,-1.234828233718872,0.40518224239349365,-0.185538187623024,0.02989225648343563
531,27815,-1.6148018527030956,36,1,0.47097471356391907,0.03982824087142944,-2.0003245692730416,1.0,0.008966895751655102,0.0026328011881560087,-1.3099768161773682,0.4523273706436157,-0.18145246803760529,0.029894765466451645
532,27853,-1.7213261128962065,38,1,0.4540427625179291,0.0313919298350811,-2.0075122964263428,1.0,0.008935119025409222,0.002370198257267475,-1.7194024324417114,0.4238757789134979,0.155493825674057,0.029892245307564735
533,27889,-1.5163326126337058,36,1,0.4505912661552429,0.033488862216472626,-1.915451989318477,1.0,0.008933891542255878,0.006102295592427254,-1.3041990995407104,0.4653022587299347,0.09827487915754318,0.029892245307564735
534,27926,-1.581085089296102,37,1,0.42793187499046326,0.03429373726248741,-1.8796489683717954,1.0,0.008960702456533909,0.002350721973925829,-1.6825556755065918,0.41863614320755005,-0.048438798636198044,0.029892245307564735
535,27971,-3.1740662679076195,45,1,0.5210411548614502,0.0399966835975647,-1.934840828928398,1.0,0.009003132581710815,0.002470604609698057,-1.7929153442382812,0.5691449046134949,-0.18561537563800812,0.029892245307564735
536,28007,-1.3021602728962902,36,1,0.42810913920402527,0.0331367589533329,-1.8846502091691364,1.0,0.008962825872004032,0.002232307568192482,-1.6292802095413208,0.4268316924571991,0.024523038417100906,0.029892245307564735
537,28043,-1.610272042155267,36,1,0.43615394830703735,0.038266055285930634,-1.874273928354727,1.0,0.008962702937424183,0.0035051009617745876,-1.5201520919799805,0.4369853436946869,-0.07083818316459656,0.029892245307564735
538,28081,-2.584597770869731,38,1,0.5132942199707031,0.038200944662094116,-1.8870555259317627,1.0,0.008986658416688442,0.0031396299600601196,-1.4933466911315918,0.5904998779296875,0.12160893529653549,0.029892245307564735
539,28116,-1.380515425503254,35,1,0.44906753301620483,0.03537202998995781,-1.8889842788830866,1.0,0.0089943278580904,0.003361936192959547,-1.7436707019805908,0.48952531814575195,0.005673496052622795,0.029892245307564735
540,28153,-1.733429878652097,37,1,0.4693770408630371,0.03619075194001198,-1.8876825996965636,1.0,0.009014989249408245,0.002135368064045906,-1.3400688171386719,0.480487585067749,-0.14799503982067108,0.029892245307564735
541,28189,-1.767096156179905,36,1,0.47617021203041077,0.0376138761639595,-1.8915005640417804,1.0,0.009025700390338898,0.002889007329940796,-1.689244270324707,0.47559231519699097,0.17320558428764343,0.029892245307564735
542,28226,-1.769125274270774,37,1,0.4564943313598633,0.03302336484193802,-1.9019474746391645,1.0,0.009039783850312233,0.0020781951025128365,-1.2169430255889893,0.48735567927360535,0.08686098456382751,0.029892245307564735
543,28262,-2.103640000075103,36,1,0.4909265339374542,0.036369532346725464,-1.9108137095377316,1.0,0.009067210368812084,0.002794744446873665,-1.741579294204712,0.5659111142158508,0.07525230944156647,0.029892245307564735
544,28298,-2.261027253866197,36,1,0.49978458881378174,0.03982079029083252,-1.9299093059182635,1.0,0.00907132774591446,0.0022074193693697453,-1.4364924430847168,0.5573309063911438,0.1371413618326187,0.029892245307564735
545,28333,-1.7967581020295622,35,1,0.47168537974357605,0.038758471608161926,-1.8875087996751543,1.0,0.009078769944608212,0.0026922710239887238,-1.5867129564285278,0.5371779799461365,0.03454117849469185,0.029892245307564735
546,28368,-1.6019139806926255,35,1,0.4645593762397766,0.03915873169898987,-1.8839207547858834,1.0,0.009060576558113098,0.004035884514451027,-1.5754066705703735,0.5245717763900757,0.01285806205123663,0.029892245307564735
547,28404,-1.8827859143167727,36,1,0.4827422797679901,0.029939478263258934,-1.8868042031519585,1.0,0.009042883291840553,0.00311200856231153,-1.335770845413208,0.556892454624176,0.047775618731975555,0.029892245307564735
548,28441,-1.5262094900011993,37,1,0.4408555328845978,0.031808964908123016,-1.8566274804167922,1.0,0.009067845530807972,0.002170153660699725,-1.8525569438934326,0.4335029423236847,0.10017208009958267,0.029892245307564735
549,28478,-1.612203602939842,37,1,0.43334782123565674,0.0288127139210701,-1.814047912511975,1.0,0.00910199899226427,0.0031046736985445023,-1.3733094930648804,0.43144655227661133,-0.06314380466938019,0.029892245307564735
550,28513,-1.4111090490221985,35,1,0.45325303077697754,0.034867435693740845,-1.7975228074453775,1.0,0.009101800620555878,0.0019810462836176157,-1.8295844793319702,0.49574631452560425,-0.038721952587366104,0.029892245307564735
551,28548,-1.726077878624201,35,1,0.4723963141441345,0.03727022558450699,-1.8030866087414328,1.0,0.009108511731028557,0.002177676185965538,-1.3605506420135498,0.540834367275238,0.012953810393810272,0.029892245307564735
552,28584,-1.5229367028176792,36,1,0.4413767158985138,0.032709747552871704,-1.7931671382375065,1.0,0.009066336788237095,0.001857994357123971,-1.9814441204071045,0.4612351953983307,-0.0520559698343277,0.029892245307564735
553,28621,-1.8756358665227904,37,1,0.4786369800567627,0.03612745925784111,-1.8111323009319609,1.0,0.009042715653777122,0.0022241694387048483,-1.3804981708526611,0.506007194519043,-0.14552034437656403,0.029892245307564735
554,28659,-2.517900119647382,38,1,0.511935293674469,0.03684624284505844,-1.8579730524495246,1.0,0.009037520736455917,0.0018763542175292969,-1.3729379177093506,0.5653651356697083,-0.16435988247394562,0.029892245307564735
555,28695,-1.537979938834904,36,1,0.45045530796051025,0.036000438034534454,-1.7761687359958884,1.0,0.009021526202559471,0.001964138587936759,-1.3212552070617676,0.4358576536178589,-0.13990862667560577,0.02989225648343563
556,28731,-1.562273815423251,36,1,0.4591910243034363,0.03231273218989372,-1.7891744131222367,1.0,0.009024214930832386,0.0033005657605826855,-1.6807588338851929,0.4846813678741455,-0.10474520921707153,0.029892245307564735
557,28768,-1.7328692738711826,37,1,0.4761645793914795,0.033290017396211624,-1.7953042747080328,1.0,0.00902801938354969,0.0028653480112552643,-1.892684817314148,0.4831744432449341,0.165472149848938,0.029892245307564735
558,28804,-1.4189912690222268,36,1,0.44744911789894104,0.03368330001831055,-1.7370239496156574,1.0,0.009015862829983234,0.0027061798609793186,-1.726670742034912,0.45580658316612244,0.09875234216451645,0.029892245307564735
559,28840,-1.5631783764064302,36,1,0.46215981245040894,0.03475985303521156,-1.746157097160816,1.0,0.009003257378935814,0.002208947204053402,-1.8322155475616455,0.4607371389865875,-0.1471104472875595,0.029892245307564735
560,28876,-2.5677174198627473,36,1,0.5058064460754395,0.03757148236036301,-1.7878714742213488,1.0,0.008988947607576847,0.002404054393991828,-1.5830674171447754,0.5976678133010864,0.05516044795513153,0.029892245307564735
561,28912,-1.4724203869700423,36,1,0.4308241009712219,0.03970801830291748,-1.7731376857608556,1.0,0.008973748423159122,0.005600569769740105,-1.5553960800170898,0.4257484972476959,-0.056495293974876404,0.029892245307564735
562,28948,-1.5324894107878215,36,1,0.4363158643245697,0.03733714669942856,-1.761305892586708,1.0,0.008986864238977432,0.0028971992433071136,-1.8898162841796875,0.44124579429626465,-0.06351175904273987,0.029892245307564735
563,28983,-1.9700392273068434,35,1,0.4840473532676697,0.03932081162929535,-1.7546258539482948,1.0,0.008969427086412907,0.003291712375357747,-1.540779948234558,0.5637871026992798,0.007153094746172428,0.029892245307564735
564,29019,-2.4007853081822415,36,1,0.4953765571117401,0.03548819571733475,-1.7616137566640973,1.0,0.008984542451798916,0.0026740385219454765,-1.611685872077942,0.5823907852172852,-0.03532002866268158,0.029892245307564735
565,29054,-1.8117459873855104,35,1,0.47864586114883423,0.03930346667766571,-1.7623631509318947,1.0,0.008968682959675789,0.0018658298067748547,-1.5271401405334473,0.5429002046585083,0.07170113921165466,0.029892245307564735
566,29092,-1.8340761277079585,38,1,0.4708110988140106,0.03806089982390404,-1.7739712582826612,1.0,0.008976448327302933,0.003344728611409664,-1.6445000171661377,0.4669014811515808,-0.16667257249355316,0.029892245307564735
567,29129,-1.4998992139101048,37,1,0.44069093465805054,0.03381381928920746,-1.7548269232623277,1.0,0.008959467522799969,0.002669753972440958,-1.3516666889190674,0.4204331338405609,0.11412598937749863,0.029892245307564735
568,29165,-1.8671505665779105,36,1,0.48162999749183655,0.03877756744623184,-1.7718739770911633,1.0,0.00898407120257616,0.0031050476245582104,-1.956371545791626,0.46942463517189026,0.1930568367242813,0.029892245307564735
569,29201,-1.67317392244935,36,1,0.4619719386100769,0.03893337398767471,-1.774922493066639,1.0,0.008983277715742588,0.002130884677171707,-1.2649290561676025,0.46994975209236145,-0.136200949549675,0.029892245307564735
570,29237,-1.9310940310358973,36,1,0.48510679602622986,0.03650727495551109,-1.8009217421673238,1.0,0.00901724211871624,0.001784119289368391,-1.6219615936279297,0.5350893139839172,0.12244051694869995,0.029892245307564735
571,29273,-2.4579877798259258,36,1,0.5029749274253845,0.035330530256032944,-1.83751723722741,1.0,0.009061603806912899,0.0021558492444455624,-1.6364080905914307,0.5943279266357422,-0.04600568860769272,0.029892245307564735
572,29310,-2.445658574700354,37,1,0.4942145347595215,0.032935116440057755,-1.883653330821544,1.0,0.009059051051735878,0.0021691261790692806,-1.4250367879867554,0.5798870921134949,0.03834334760904312,0.029892245307564735
573,29345,-1.4612946838140504,35,1,0.450508713722229,0.03992359712719917,-1.8629362716861066,1.0,0.009092899039387703,0.0020991892088204622,-2.1421871185302734,0.4709939956665039,-0.08803054690361023,0.029892245307564735
574,29381,-1.4770735764503495,36,1,0.4211474359035492,0.03793749213218689,-1.8108949445262552,1.0,0.009084867313504219,0.0022589992731809616,-1.60634183883667,0.40151047706604004,-0.010748228058218956,0.029892245307564735
575,29416,-1.4169490543007859,35,1,0.458708256483078,0.03465859964489937,-1.8048434002995493,1.0,0.009067041799426079,0.001991966739296913,-1.4145727157592773,0.4956666827201843,0.08065005391836166,0.029892245307564735
576,29452,-1.6902256312966335,36,1,0.46299153566360474,0.03589078038930893,-1.8112409910932183,1.0,0.00908393133431673,0.002501445822417736,-1.7477638721466064,0.5000984072685242,0.09359809756278992,0.029892245307564735
577,29487,-1.929801788032055,35,1,0.4816908836364746,0.03994128108024597,-1.8210876168012617,1.0,0.009075199253857136,0.0022835703566670418,-1.7197362184524536,0.5570118427276611,0.034768640995025635,0.029892245307564735
578,29523,-1.532686364501716,36,1,0.45717653632164,0.030732881277799606,-1.826772371575236,1.0,0.009098892100155354,0.001933370134793222,-1.689915418624878,0.473299115896225,-0.11419440805912018,0.029892245307564735
579,29558,-1.5936647459864623,35,1,0.4618327021598816,0.03723819553852081,-1.8282966900542377,1.0,0.009088428691029549,0.001665238756686449,-1.5279688835144043,0.5126298666000366,-0.05189146101474762,0.029892245307564735
580,29595,-2.1502773703634714,37,1,0.48744282126426697,0.03566582128405571,-1.8074246875792739,1.0,0.009084057062864304,0.0018683582311496139,-1.4685803651809692,0.5339387655258179,-0.13336816430091858,0.029892245307564735
581,29631,-2.2984341590106476,36,1,0.4950154721736908,0.03793337941169739,-1.848725376181304,1.0,0.009085044264793396,0.0020258454605937004,-1.875085711479187,0.5840011239051819,-0.0006561898626387119,0.029892245307564735
582,29668,-2.520137857198719,37,1,0.5173546671867371,0.03817148134112358,-1.8981077985018495,1.0,0.009068619459867477,0.0020790451671928167,-1.6377418041229248,0.5681225657463074,-0.17652179300785065,0.029892245307564735
583,29703,-1.3964621905982497,35,1,0.44353872537612915,0.034493111073970795,-1.8694289466664198,1.0,0.009093201719224453,0.0018449480412527919,-1.549128770828247,0.4755278527736664,-0.0032287577632814646,0.029892245307564735
584,29741,-2.834987109005451,38,1,0.5237722992897034,0.03490004315972328,-1.8911390367075804,1.0,0.009123795665800571,0.001979019260033965,-1.6277010440826416,0.5748888850212097,0.18510089814662933,0.029892245307564735
585,29778,-1.927269925326108,37,1,0.4756258428096771,0.03898654505610466,-1.89691523360461,1.0,0.009126915596425533,0.0023109926842153072,-1.3254849910736084,0.477295845746994,-0.17001420259475708,0.029892245307564735
586,29814,-1.5941447186470041,36,1,0.46879270672798157,0.03925899788737297,-1.8849186631515622,1.0,0.00914442352950573,0.0021687974222004414,-1.5505008697509766,0.4541870355606079,-0.17384907603263855,0.029894506558775902
587,29851,-1.661751988530158,37,1,0.45902395248413086,0.03627413883805275,-1.8930113018825647,1.0,0.009135078638792038,0.002237125765532255,-1.6483875513076782,0.44237491488456726,0.15511545538902283,0.029892245307564735
588,29888,-1.5130264556407926,37,1,0.4462454915046692,0.031390707939863205,-1.8753050963357087,1.0,0.009146511554718018,0.003149000694975257,-1.3998136520385742,0.43279221653938293,0.1224547028541565,0.029892245307564735
589,29924,-1.686426233053206,36,1,0.47360461950302124,0.03738104924559593,-1.8759677118659013,1.0,0.009168081916868687,0.0021285577677190304,-1.5930657386779785,0.48412683606147766,0.156886026263237,0.029892245307564735
590,29961,-3.0165402297675605,37,1,0.5187696814537048,0.03728116303682327,-1.930240021802485,1.0,0.009151812642812729,0.0021260601934045553,-1.8343652486801147,0.5982626676559448,-0.12640535831451416,0.029892245307564735
591,29997,-2.212310406267643,36,1,0.49574702978134155,0.03469961881637573,-1.9179561531245706,1.0,0.009164257906377316,0.0030487587209790945,-1.4624005556106567,0.5798380374908447,0.05490052327513695,0.029892245307564735
592,30000,-1.2097526049613954,3,0,0.44095149636268616,0.41725611686706543,-1.8561608546376231,0.95,0.009158382192254066,0.0025092081632465124,-1.5971965789794922,0.40141329169273376,0.131175234913826,0.029892105609178543
